[
 
    
    
    
    {
        "ingredientPattern": "HCZ,XFS,BBB",
        "recipeGroup": 333,
        "ingredients": {
            "X": {type: "Item", code: "betterruins:br-schematic-mechanical" },
            "B": {type: "Item", code: "game:plank-oak" , quantity: 2},
            "F": {type: "Item", code: "game:fat" , quantity: 2},
            "S": {type: "Item", code: "game:stick" , quantity: 6},
            "H": {type: "Item", code: "game:hammer-*", isTool: true, toolDurabilityCost: 5 },
            "Z": {type: "Item", code: "game:saw-*", isTool: true },
            "C": {type: "Item", code: "game:chisel-*", isTool: true }
        },
        "width": 3,
        "height": 3,
        "output": {type: "Item", code: "game:largegearsection-wood" }
        
    },
       











    {
        "ingredientPattern": "XH,PC",
        "recipeGroup": 333,
        "ingredients": {
            "X": {type: "Item", code: "betterruins:br-schematic-mechanical" },
            "H": {type: "Item", code: "game:hammer-*", isTool: true, toolDurabilityCost: 5},
            "C": {type: "Item", code: "game:chutesection-copper" },
            "P": {type: "Item", code: "game:metalplate-copper" }
        },
        "width": 2,
        "height": 2,
        "output": {type: "Block", code: "game:hopper" }
        
    },














    {
		ingredientPattern: "HXY,PCP,RSF",
        "recipeGroup": 333,
		ingredients: {
            "Y": {type: "Item", code: "betterruins:br-schematic-mechanical" },
			"X": { type: "item", code: "game:saw-*", isTool: true, toolDurabilityCost: 10 },
			"H": { type: "item", code: "game:hammer-*", isTool: true, toolDurabilityCost: 10 },
			"C": { type: "item", code: "game:chisel-*", isTool: true, toolDurabilityCost: 10 },
			"S": { type: "block", code: "game:log-placed-*-ud" , quantity: 2 },
			"R": { type: "item", code: "game:resin" },
			"P": { type: "item", code: "game:stick" , quantity: 2 },
			"F": { type: "item", code: "game:fat" }
		},
		width: 3,
		height: 3,
		output: { type: "block", code: "game:angledgears-s", quantity: 2 }
	},
	{
		ingredientPattern: "HXY,PCP,RSF",
        "recipeGroup": 333,
		ingredients: {
            "Y": {type: "Item", code: "betterruins:br-schematic-mechanical" },
			"X": { type: "item", code: "game:saw-*", isTool: true, toolDurabilityCost: 10 },
			"H": { type: "item", code: "game:hammer-*", isTool: true, toolDurabilityCost: 10 },
			"C": { type: "item", code: "game:chisel-*", isTool: true, toolDurabilityCost: 10 },
			"S": { type: "block", code: "game:logsection-placed-*-ud" , quantity: 2 },
			"R": { type: "item", code: "game:resin" },
			"P": { type: "item", code: "game:stick" , quantity: 2 },
			"F": { type: "item", code: "game:fat" }
		},
		width: 3,
		height: 3,
		output: { type: "block", code: "game:angledgears-s", quantity: 2 }
	},








    {
		ingredientPattern: "HY,C_,SF",
        "recipeGroup": 333,
		ingredients: {
            "Y": {type: "Item", code: "betterruins:br-schematic-mechanical" },
			"H": { type: "item", code: "game:hammer-*", isTool: true, toolDurabilityCost: 30 },
			"C": { type: "item", code: "game:chisel-*", isTool: true, toolDurabilityCost: 30 },
			"S": { type: "block", code: "game:log-placed-*-ud", name: "wood" , quantity: 3 },
			"F": { type: "item", code: "game:fat" }
		},
		width: 2,
		height: 3,
		output: { type: "block", code: "game:woodenaxle-ud", quantity: 6 }
	},
	{
		ingredientPattern: "HY,C_,SF",
        "recipeGroup": 333,
		ingredients: {
            "Y": {type: "Item", code: "betterruins:br-schematic-mechanical" },
			"H": { type: "item", code: "game:hammer-*", isTool: true, toolDurabilityCost: 30 },
			"C": { type: "item", code: "game:chisel-*", isTool: true, toolDurabilityCost: 30 },
			"S": { type: "block", code: "game:logsection-placed-*-ud" , quantity: 3 },
			"F": { type: "item", code: "game:fat" }
		},
		width: 2,
		height: 3,
		output: { type: "block", code: "game:woodenaxle-ud", quantity: 6 }
	},



	{
		ingredientPattern: "I_,YI",
		"recipeGroup": 333,
		ingredients: {
			"Y": {type: "Item", code: "betterruins:br-schematic-mechanical" },
			"I": { type: "item", code: "game:chutesection-copper" }
		},
		width: 2,
		height: 2,
		output: { type: "block", code: "game:chute-elbow-down-east" , "quantity" : 4}
	},
	{
		ingredientPattern: "II,Y_",
		"recipeGroup": 333,
		ingredients: {
			"Y": {type: "Item", code: "betterruins:br-schematic-mechanical" },
			"I": { type: "item", code: "game:chutesection-copper" }
		},
		width: 2,
		height: 2,
		output: { type: "block", code: "game:chute-straight-ns"  , "quantity" : 8}
	},
	{
		ingredientPattern: "YI_,I_I,_I_",
		"recipeGroup": 333,
		ingredients: {
			"Y": {type: "Item", code: "betterruins:br-schematic-mechanical" },
			"I": { type: "item", code: "game:chutesection-copper" }
		},
		width: 3,
		height: 3,
		output: { type: "block", code: "game:chute-cross-ground"  , "quantity" : 4}
	},
	{
		ingredientPattern: "YI_,I_I",
		"recipeGroup": 333,
		ingredients: {
			"Y": {type: "Item", code: "betterruins:br-schematic-mechanical" },
			"I": { type: "item", code: "game:chutesection-copper" }
		},
		width: 3,
		height: 2,
		output: { type: "block", code: "game:chute-t-ns"  , "quantity" : 4}
	},
	{
		ingredientPattern: "YI_,II_",
		"recipeGroup": 333,
		ingredients: {
			"Y": {type: "Item", code: "betterruins:br-schematic-mechanical" },
			"I": { type: "item", code: "game:chutesection-copper" }
		},
		width: 3,
		height: 2,
		output: { type: "block", code: "game:chute-3way-down-east"  , "quantity" : 4}
	}
]