{
	"editor": {
		"allAngles": false,
		"entityTextureMode": true
	},
	"textureWidth": 16,
	"textureHeight": 16,
	"textureSizes": {
	},
	"textures": {
		"candle-off": "entity/humanoid/seraphclothes/head/candle-off"
	},
	"elements": [
		{
			"name": "cube0",
			"stepParentName": "Head",
			"from": [ 7.5, 1.0, 7.5 ], 
			"to": [ 8.5, 2.25, 8.5 ], 
			"uv": [ 0.0, 11.5 ],
			"rotationOrigin": [ 8.0, 1.0, 8.0 ],
			"faces": {
				"north": { "texture": "#candle-off", "uv": [ 0.5, 13.0, 1.5, 14.5 ], "enabled": false, "autoUv": false },
				"east": { "texture": "#candle-off", "uv": [ 1.0, 13.0, 2.0, 14.5 ], "enabled": false, "autoUv": false },
				"south": { "texture": "#candle-off", "uv": [ 1.0, 13.5, 2.0, 15.0 ], "enabled": false, "autoUv": false },
				"west": { "texture": "#candle-off", "uv": [ 0.0, 13.0, 1.0, 14.5 ], "enabled": false, "autoUv": false },
				"up": { "texture": "#candle-off", "uv": [ 1.0, 11.5, 2.0, 12.5 ], "enabled": false, "autoUv": false },
				"down": { "texture": "#candle-off", "uv": [ 1.0, 11.5, 2.0, 12.5 ], "enabled": false, "autoUv": false }
			},
			"children": [
				{
					"name": "cube2",
					"from": [ 0.35, 1.25, 0.35 ], 
					"to": [ 0.65, 1.55, 0.65 ], 
					"uv": [ 0.0, 9.5 ],
					"rotationOrigin": [ 0.35, -0.25, 0.35 ],
					"faces": {
						"north": { "texture": "#candle-off", "uv": [ 0.0, 9.5, 0.5, 10.0 ], "enabled": false, "autoUv": false, "windMode": [-1,-1,-1,-1] },
						"east": { "texture": "#candle-off", "uv": [ 0.5, 9.5, 1.0, 10.0 ], "enabled": false, "autoUv": false, "windMode": [-1,-1,-1,-1] },
						"south": { "texture": "#candle-off", "uv": [ 0.5, 9.5, 1.0, 10.0 ], "enabled": false, "autoUv": false, "windMode": [-1,-1,-1,-1] },
						"west": { "texture": "#candle-off", "uv": [ 0.5, 9.5, 1.0, 10.0 ], "enabled": false, "autoUv": false, "windMode": [-1,-1,-1,-1] },
						"up": { "texture": "#candle-off", "uv": [ 1.0, 10.0, 1.5, 10.5 ], "enabled": false, "autoUv": false, "windMode": [-1,-1,-1,-1] },
						"down": { "texture": "#candle-off", "uv": [ 0.5, 9.5, 1.0, 10.0 ], "enabled": false, "autoUv": false, "windMode": [-1,-1,-1,-1] }
					}
				},
				{
					"name": "cube11",
					"from": [ -0.75, 0.15, -0.75 ], 
					"to": [ -0.25, 0.25, 1.75 ], 
					"uv": [ 8.0, 0.5 ],
					"rotationOrigin": [ -0.25, 0.2, 0.5 ],
					"rotationZ": -22.5,
					"faces": {
						"north": { "texture": "#candle-off", "uv": [ 9.0, 2.5, 9.5, 3.0 ], "autoUv": false },
						"east": { "texture": "#candle-off", "uv": [ 8.0, 1.0, 10.5, 1.5 ], "autoUv": false },
						"south": { "texture": "#candle-off", "uv": [ 11.5, 1.0, 12.0, 1.5 ], "autoUv": false },
						"west": { "texture": "#candle-off", "uv": [ 8.5, 1.5, 11.0, 2.0 ], "autoUv": false },
						"up": { "texture": "#candle-off", "uv": [ 9.5, 0.5, 10.0, 3.0 ], "autoUv": false },
						"down": { "texture": "#candle-off", "uv": [ 9.5, 1.0, 10.0, 3.5 ], "autoUv": false }
					}
				},
				{
					"name": "cube12",
					"from": [ -0.75, 0.15, 1.25 ], 
					"to": [ 1.75, 0.25, 1.75 ], 
					"uv": [ 8.5, 1.5 ],
					"rotationOrigin": [ 0.5, 0.2, 1.25 ],
					"rotationX": -22.5,
					"faces": {
						"north": { "texture": "#candle-off", "uv": [ 9.5, 2.0, 12.0, 2.5 ], "autoUv": false },
						"east": { "texture": "#candle-off", "uv": [ 10.5, 2.0, 11.0, 2.5 ], "autoUv": false },
						"south": { "texture": "#candle-off", "uv": [ 9.0, 2.5, 11.5, 3.0 ], "autoUv": false },
						"west": { "texture": "#candle-off", "uv": [ 8.5, 2.0, 9.0, 2.5 ], "autoUv": false },
						"up": { "texture": "#candle-off", "uv": [ 9.5, 1.5, 10.0, 4.0 ], "rotation": 270, "autoUv": false },
						"down": { "texture": "#candle-off", "uv": [ 8.5, 1.5, 9.0, 4.0 ], "rotation": 90, "autoUv": false }
					}
				},
				{
					"name": "cube13",
					"from": [ 1.25, 0.15, -0.75 ], 
					"to": [ 1.75, 0.25, 1.75 ], 
					"uv": [ 8.0, 0.0 ],
					"rotationOrigin": [ 1.25, 0.2, 0.5 ],
					"rotationZ": 22.5,
					"faces": {
						"north": { "texture": "#candle-off", "uv": [ 8.0, 0.0, 8.5, 0.5 ], "autoUv": false },
						"east": { "texture": "#candle-off", "uv": [ 9.5, 1.0, 12.0, 1.5 ], "autoUv": false },
						"south": { "texture": "#candle-off", "uv": [ 8.0, 0.0, 8.5, 0.5 ], "autoUv": false },
						"west": { "texture": "#candle-off", "uv": [ 8.0, 1.5, 10.5, 2.0 ], "autoUv": false },
						"up": { "texture": "#candle-off", "uv": [ 10.0, 0.0, 10.5, 2.5 ], "rotation": 180, "autoUv": false },
						"down": { "texture": "#candle-off", "uv": [ 9.5, 1.5, 10.0, 4.0 ], "rotation": 180, "autoUv": false }
					}
				},
				{
					"name": "cube14",
					"from": [ -0.75, 0.15, -0.75 ], 
					"to": [ 1.75, 0.25, -0.25 ], 
					"uv": [ 8.5, 1.0 ],
					"rotationOrigin": [ 0.5, 0.2, -0.25 ],
					"rotationX": 22.5,
					"faces": {
						"north": { "texture": "#candle-off", "uv": [ 9.5, 3.0, 12.0, 3.5 ], "autoUv": false },
						"east": { "texture": "#candle-off", "uv": [ 9.0, 1.0, 9.5, 1.5 ], "autoUv": false },
						"south": { "texture": "#candle-off", "uv": [ 10.0, 2.0, 12.5, 2.5 ], "autoUv": false },
						"west": { "texture": "#candle-off", "uv": [ 11.5, 2.5, 12.0, 3.0 ], "autoUv": false },
						"up": { "texture": "#candle-off", "uv": [ 8.5, 1.5, 9.0, 4.0 ], "rotation": 90, "autoUv": false },
						"down": { "texture": "#candle-off", "uv": [ 9.0, 2.5, 9.5, 5.0 ], "rotation": 270, "autoUv": false }
					}
				},
				{
					"name": "Metal",
					"stepParentName": "Head",
					"from": [ 1.6496, -0.9, -1.4006 ], 
					"to": [ 3.4496, 0.3, 0.3994 ], 
					"autoUnwrap": false,
					"uv": [ 8.0, 6.0 ],
					"rotationOrigin": [ 1.0, -0.9, -1.0 ],
					"rotationY": -89.98,
					"faces": {
						"north": { "texture": "#candle-off", "uv": [ 14.0, 1.5, 15.5, 2.5 ] },
						"east": { "texture": "#candle-off", "uv": [ 9.5, 7.0, 11.0, 8.0 ] },
						"south": { "texture": "#candle-off", "uv": [ 13.5, 2.0, 15.0, 3.0 ] },
						"west": { "texture": "#candle-off", "uv": [ 10.5, 6.0, 12.0, 7.0 ] },
						"up": { "texture": "#candle-off", "uv": [ 13.5, 3.5, 15.0, 5.0 ], "glow": 5 },
						"down": { "texture": "#candle-off", "uv": [ 14.5, 3.0, 16.0, 4.5 ] }
					}
				}
			]
		}
	]}