[
  {
    "file": "game:blocktypes/overlay/damagedstone.json",
    "op": "replace",
    "path": "/attributes/handbook/exclude",
    "value": false,
    "side": "Server"
  },
  {
    "file": "game:blocktypes/metal/ironfence.json",
    "op": "replace",
    "path": "/attributes/handbook/exclude",
    "value": false,
    "side": "Server"
  },
  {
    "op": "add",
    "path": "/creativeinventoryStacks/0/stacks/-",
    "value": {
      "type": "block",
      "code": "crate",
      "attributes": {
        "lidState": "opened",
        "type": "wood-aged"
      }
    },
    "file": "game:blocktypes/wood/woodtyped/crate.json",
    "side": "Server"
  },
  {
    "file": "game:blocktypes/roofing/beam-plane.json",
    "op": "replace",
    "path": "/attributes/handbook/exclude",
    "value": false,
    "side": "Server"
  },
  {
    "file": "game:blocktypes/roofing/beam-ridge.json",
    "op": "replace",
    "path": "/attributes/handbook/exclude",
    "value": false,
    "side": "Server"
  },
  {
    "file": "game:itemtypes/meta/textureflipper.json",
    "op": "replace",
    "path": "/attributes/handbook/exclude",
    "value": false,
    "side": "Server"
  },
  {
    "file": "game:blocktypes/clay/brickruin.json",
    "op": "replace",
    "path": "/attributes/handbook/exclude",
    "value": false,
    "side": "Server"
  },
  {
    "file": "game:blocktypes/cloth/ropebeam.json",
    "op": "replace",
    "path": "/attributes/handbook/exclude",
    "value": false,
    "side": "Server"
  }
]
