{
  "code": "airthermoupper",
  "class": "airthermomod.BlockAirThermoUpper",
  "handbook": { "exclude": true },
  "variantgroups": [
    {
      "code": "orientation",
      "states": [
        "ns",
        "we"
      ]
    }
  ],
  entityBehaviors: [ { name: "Animatable" } ],
  "behaviors": [
    {
      "name": "NWOrientable"
    }
  ],
  "shape": { "base": "game:block/basic/nothing" },
  "blockmaterial": "wood",
  "materialDensity": 450,
  "sidesolid": {
    "all": false
  },
  "sideopaque": {
    "all": false
  },
  "drawtype": "json",
  "replaceable": 160,
  "resistance": 4,
  "lightAbsorption": 0,
  "sounds": {
    "place": "game:block/planks",
    "break": "game:block/planks",
    "hit": "game:block/planks"
  },
  selectionBoxes: [
    {
      x1: 0.0441,
      y1: -0.126,
      z1: 0.063,
      x2: 0.9559,
      y2: 0.687,
      z2: 0.937,
      rotateYByType: { "*-we": 90 }
    }
  ],
  "collisionBoxes": [
    {
      "x1": 0,
      "y1": 0,
      "z1": 0,
      "x2": 1,
      "y2": 1,
      "z2": 1,
      rotateYByType: { "*-we": 90 }
    }
  ],
  "guiTransform": {
    "origin": {
      "x": 0.5,
      "y": 1,
      "z": 0.5
    },
    "scale": 0.9
  }
}
