{
  "code": "airthermo",
  "class": "airthermomod.BlockAirThermo",
  "entityclass": "airthermomod.BEAirThermo",
  "variantgroups": [
    {
      "code": "orientation",
      "states": [
        "ns",
        "we"
      ]
    }
  ],
  entityBehaviors: [ { name: "Animatable" } ],
  "creativeinventory": {
    "general": [
      "airthermo-ns"
    ]
  },
  "behaviors": [
    {
      "name": "NWOrientable"
    }
  ],
  "shapeInventory": {
    "base": "block/wood/airthermo"
  },
  "shapebytype": {
    "*-ns": {
      "base": "block/wood/airthermo",
      "rotateY": 0
    },
    "*-we": {
      "base": "block/wood/airthermo",
      "rotateY": 90
    }
  },
  "blockmaterial": "wood",
  "materialDensity": 450,
  "textures": {
    "wood": {
      "base": "block/wood/whiteoak"
    }
  },
  "faceCullMode": "NeverCull",
  "sidesolid": {
    "all": false
  },
  "sideopaque": {
    "all": false
  },
  "drawtype": "json",
  "replaceable": 160,
  "resistance": 4,
  "lightAbsorption": 0,
  "sounds": {
    "place": "game:block/planks",
    "break": "game:block/planks",
    "hit": "game:block/planks"
  },
  selectionBoxes: [
    {
      x1: 0,
      y1: 0,
      z1: 0,
      x2: 1,
      y2: 0.875,
      z2: 1,
      rotateYByType: { "*-we": 90 }
    },
  ],
  "collisionBoxes": [
    {
      "x1": 0,
      "y1": 0,
      "z1": 0,
      "x2": 1,
      "y2": 2,
      "z2": 1,
      rotateYByType: { "*-we": 90 }
    }
  ],
  "guiTransform": {
    "origin": {
      "x": 0.5,
      "y": 1,
      "z": 0.5
    },
    "scale": 0.9
  }
}
