{
  "code": "recordedchartpaper",
  "class": "airthermomod.ItemRecordedChartPaper",
  "shape": {
    "base": "game:item/lore/scroll"
  },
  "texture": {
    "base": "game:item/lore/scroll"
  },
  "creativeinventory": {
    "general": [
      "*"
    ],
    "items": [
      "*"
    ]
  },
  "maxstacksize": 1,
  "materialDensity": 210,
  "fpHandTransform": {
    "translation": {
      "x": 0,
      "y": 0,
      "z": 0
    },
    "rotation": {
      "x": 23,
      "y": -5,
      "z": 10
    },
    "origin": {
      "x": 0.5,
      "y": 0.1,
      "z": 0.5
    },
    "scale": 1.7
  },
  "tpHandTransform": {
    "translation": {
      "x": -0.75,
      "y": -0.08,
      "z": -0.63
    },
    "rotation": {
      "x": -56,
      "y": -8,
      "z": -8
    },
    "origin": {
      "x": 0.5,
      "y": 0.1,
      "z": 0.5
    },
    "scale": 0.8
  },
  "guiTransform": {
    "translation": {
      "x": 0,
      "y": 0,
      "z": 0
    },
    "rotation": {
      "x": -19,
      "y": -59,
      "z": 20
    },
    "origin": {
      "x": 0.48,
      "y": 0.05,
      "z": 0.52
    },
    "scale": 2.4
  },
  "groundTransform": {
    "translation": {
      "x": 0,
      "y": 0,
      "z": 0
    },
    "rotation": {
      "x": 1,
      "y": -3,
      "z": 2
    },
    "origin": {
      "x": 0.5,
      "y": 0.01,
      "z": 0.5
    },
    "scale": 4.03
  }
}
