{
	"editor": {
		"collapsedPaths": "Root/origin/nail9,Root/origin/nail17,Root/origin/Stick SW,Root/origin/nail1,Root/origin/nail25,Root/origin/Stick NE,Root/origin/nail34,Root/origin/Stick NW,Root/origin/nail33",
		"allAngles": false,
		"entityTextureMode": false
	},
	"textureWidth": 16,
	"textureHeight": 16,
	"textureSizes": {
	},
	"textures": {
		"nail": "block/metal/tarnished/rusty-iron",
		"lid": "block/wood/debarked/oak"
	},
	"elements": [
		{
			"name": "origin",
			"from": [ 8.0, 0.0, 8.0 ],
			"to": [ 8.0, 0.0, 8.0 ],
			"rotationOrigin": [ 8.0, 0.0, 8.0 ],
			"faces": {
				"east": { "texture": "#lid", "uv": [ 4.5, 2.0, 5.0, 2.5 ] },
				"south": { "texture": "#lid", "uv": [ 14.0, 14.0, 14.5, 14.5 ] },
				"west": { "texture": "#lid", "uv": [ 6.0, 12.5, 6.5, 13.0 ] },
				"up": { "texture": "#lid", "uv": [ 10.5, 8.0, 11.0, 8.5 ] },
				"down": { "texture": "#lid", "uv": [ 6.5, 14.0, 7.0, 14.5 ] }
			},
			"children": [
				{
					"name": "bottom",
					"from": [ -6.0, 0.0, -6.0 ],
					"to": [ 6.0, 1.0, 6.0 ],
					"rotationOrigin": [ -6.0, 0.0, -6.0 ],
					"faces": {
						"north": { "texture": "#lid", "uv": [ 2.0, 11.0, 14.0, 12.0 ] },
						"east": { "texture": "#lid", "uv": [ 3.5, 7.5, 15.5, 8.5 ] },
						"south": { "texture": "#lid", "uv": [ 0.0, 3.0, 12.0, 4.0 ] },
						"west": { "texture": "#lid", "uv": [ 2.0, 6.0, 14.0, 7.0 ] },
						"up": { "texture": "#lid", "uv": [ 1.0, 3.0, 13.0, 15.0 ] },
						"down": { "texture": "#lid", "uv": [ 2.5, 0.0, 14.5, 12.0 ] }
					}
				},
				{
					"name": "Stick NW",
					"from": [ -6.0, 1.0, -6.0 ],
					"to": [ -5.0, 16.0, -5.0 ],
					"rotationOrigin": [ -6.0, 1.0, -6.0 ],
					"faces": {
						"north": { "texture": "#lid", "uv": [ 0.5, 7.5, 15.5, 8.5 ], "rotation": 90 },
						"east": { "texture": "#lid", "uv": [ 0.0, 4.0, 15.0, 5.0 ], "rotation": 90 },
						"south": { "texture": "#lid", "uv": [ 0.5, 6.0, 15.5, 7.0 ], "rotation": 90 },
						"west": { "texture": "#lid", "uv": [ 0.5, 3.0, 15.5, 4.0 ], "rotation": 90 },
						"up": { "texture": "#lid", "uv": [ 1.5, 1.5, 2.5, 2.5 ] },
						"down": { "texture": "#lid", "uv": [ 2.5, 4.5, 3.5, 5.5 ] }
					},
					"children": [
						{
							"name": "Plank 1 West",
							"from": [ -1.0, -0.5, 0.0 ],
							"to": [ 0.0, 3.0, 12.0 ],
							"rotationOrigin": [ -1.0, -0.5, 6.0 ],
							"faces": {
								"north": { "texture": "#lid", "uv": [ 11.0, 6.5, 12.0, 10.0 ] },
								"east": { "texture": "#lid", "uv": [ 3.0, 6.0, 15.0, 9.5 ] },
								"south": { "texture": "#lid", "uv": [ 11.5, 8.0, 12.5, 11.5 ] },
								"west": { "texture": "#lid", "uv": [ 0.0, 7.0, 12.0, 10.5 ] },
								"up": { "texture": "#lid", "uv": [ 13.0, 0.5, 14.0, 12.5 ] },
								"down": { "texture": "#lid", "uv": [ 10.0, 1.5, 11.0, 13.5 ] }
							}
						},
						{
							"name": "Plank 2 West",
							"from": [ -1.0, 3.5, 0.0 ],
							"to": [ 0.0, 7.0, 12.0 ],
							"rotationOrigin": [ -1.0, 3.5, 6.0 ],
							"faces": {
								"north": { "texture": "#lid", "uv": [ 3.5, 3.5, 4.5, 7.0 ] },
								"east": { "texture": "#lid", "uv": [ 3.5, 6.0, 15.5, 9.5 ] },
								"south": { "texture": "#lid", "uv": [ 10.5, 9.5, 11.5, 13.0 ] },
								"west": { "texture": "#lid", "uv": [ 1.0, 12.0, 13.0, 15.5 ] },
								"up": { "texture": "#lid", "uv": [ 5.0, 1.5, 6.0, 13.5 ] },
								"down": { "texture": "#lid", "uv": [ 14.5, 1.5, 15.5, 13.5 ] }
							}
						},
						{
							"name": "Plank 3 West",
							"from": [ -1.0, 7.5, 0.0 ],
							"to": [ 0.0, 11.0, 12.0 ],
							"rotationOrigin": [ -1.0, 7.5, 6.0 ],
							"faces": {
								"north": { "texture": "#lid", "uv": [ 13.0, 5.5, 14.0, 9.0 ] },
								"east": { "texture": "#lid", "uv": [ 1.0, 4.5, 13.0, 8.0 ] },
								"south": { "texture": "#lid", "uv": [ 5.5, 11.0, 6.5, 14.5 ] },
								"west": { "texture": "#lid", "uv": [ 1.5, 0.0, 13.5, 3.5 ] },
								"up": { "texture": "#lid", "uv": [ 13.0, 0.0, 14.0, 12.0 ] },
								"down": { "texture": "#lid", "uv": [ 10.0, 2.0, 11.0, 14.0 ] }
							}
						},
						{
							"name": "Plank 4 West",
							"from": [ -1.0, 11.5, 0.0 ],
							"to": [ 0.0, 15.0, 12.0 ],
							"rotationOrigin": [ -1.0, 11.5, 6.0 ],
							"faces": {
								"north": { "texture": "#lid", "uv": [ 12.0, 1.0, 13.0, 4.5 ] },
								"east": { "texture": "#lid", "uv": [ 3.5, 6.5, 15.5, 10.0 ] },
								"south": { "texture": "#lid", "uv": [ 10.5, 4.0, 11.5, 7.5 ] },
								"west": { "texture": "#lid", "uv": [ 1.5, 12.0, 13.5, 15.5 ] },
								"up": { "texture": "#lid", "uv": [ 4.0, 0.0, 5.0, 12.0 ] },
								"down": { "texture": "#lid", "uv": [ 2.0, 1.5, 3.0, 13.5 ] }
							}
						},
						{
							"name": "Plank 1 North",
							"from": [ -1.0, -0.5, -1.0 ],
							"to": [ 13.0, 3.0, 0.0 ],
							"rotationOrigin": [ 6.0, -0.5, -1.0 ],
							"faces": {
								"north": { "texture": "#lid", "uv": [ 1.5, 8.0, 15.5, 11.5 ] },
								"east": { "texture": "#lid", "uv": [ 11.0, 10.5, 12.0, 14.0 ] },
								"south": { "texture": "#lid", "uv": [ 0.5, 4.5, 14.5, 8.0 ] },
								"west": { "texture": "#lid", "uv": [ 5.0, 8.5, 6.0, 12.0 ] },
								"up": { "texture": "#lid", "uv": [ 0.5, 9.0, 14.5, 10.0 ] },
								"down": { "texture": "#lid", "uv": [ 1.5, 9.5, 15.5, 10.5 ] }
							}
						},
						{
							"name": "Plank 2 North",
							"from": [ -1.0, 3.5, -1.0 ],
							"to": [ 13.0, 7.0, 0.0 ],
							"rotationOrigin": [ 6.0, 3.5, -1.0 ],
							"faces": {
								"north": { "texture": "#lid", "uv": [ 1.0, 3.5, 15.0, 7.0 ] },
								"east": { "texture": "#lid", "uv": [ 11.5, 7.5, 12.5, 11.0 ] },
								"south": { "texture": "#lid", "uv": [ 1.5, 1.0, 15.5, 4.5 ] },
								"west": { "texture": "#lid", "uv": [ 11.5, 3.5, 12.5, 7.0 ] },
								"up": { "texture": "#lid", "uv": [ 1.5, 3.5, 15.5, 4.5 ] },
								"down": { "texture": "#lid", "uv": [ 1.5, 12.0, 15.5, 13.0 ] }
							}
						},
						{
							"name": "Plank 3 North",
							"from": [ -1.0, 7.5, -1.0 ],
							"to": [ 13.0, 11.0, 0.0 ],
							"rotationOrigin": [ 6.0, 7.5, -1.0 ],
							"faces": {
								"north": { "texture": "#lid", "uv": [ 0.5, 10.0, 14.5, 13.5 ] },
								"east": { "texture": "#lid", "uv": [ 9.5, 0.5, 10.5, 4.0 ] },
								"south": { "texture": "#lid", "uv": [ 1.0, 6.5, 15.0, 10.0 ] },
								"west": { "texture": "#lid", "uv": [ 13.0, 0.0, 14.0, 3.5 ] },
								"up": { "texture": "#lid", "uv": [ 0.5, 11.0, 14.5, 12.0 ] },
								"down": { "texture": "#lid", "uv": [ 0.5, 12.5, 14.5, 13.5 ] }
							}
						},
						{
							"name": "Plank 4 North",
							"from": [ -1.0, 11.5, -1.0 ],
							"to": [ 13.0, 15.0, 0.0 ],
							"rotationOrigin": [ 6.0, 11.5, -1.0 ],
							"faces": {
								"north": { "texture": "#lid", "uv": [ 1.5, 8.5, 15.5, 12.0 ] },
								"east": { "texture": "#lid", "uv": [ 7.0, 1.0, 8.0, 4.5 ] },
								"south": { "texture": "#lid", "uv": [ 1.5, 10.5, 15.5, 14.0 ] },
								"west": { "texture": "#lid", "uv": [ 8.5, 5.0, 9.5, 8.5 ] },
								"up": { "texture": "#lid", "uv": [ 0.0, 8.5, 14.0, 9.5 ] },
								"down": { "texture": "#lid", "uv": [ 0.5, 0.0, 14.5, 1.0 ] }
							}
						}
					]
				},
				{
					"name": "Stick NE",
					"from": [ 5.0, 1.0, -6.0 ],
					"to": [ 6.0, 16.0, -5.0 ],
					"rotationOrigin": [ 5.0, 1.0, -6.0 ],
					"faces": {
						"north": { "texture": "#lid", "uv": [ 0.5, 4.5, 15.5, 5.5 ], "rotation": 90 },
						"east": { "texture": "#lid", "uv": [ 0.5, 8.0, 15.5, 9.0 ], "rotation": 90 },
						"south": { "texture": "#lid", "uv": [ 0.5, 11.5, 15.5, 12.5 ], "rotation": 90 },
						"west": { "texture": "#lid", "uv": [ 0.5, 6.5, 15.5, 7.5 ], "rotation": 90 },
						"up": { "texture": "#lid", "uv": [ 7.5, 13.5, 8.5, 14.5 ] },
						"down": { "texture": "#lid", "uv": [ 0.0, 1.0, 1.0, 2.0 ] }
					},
					"children": [
						{
							"name": "Plank 1 East",
							"from": [ 1.0, -0.5, 0.0 ],
							"to": [ 2.0, 3.0, 12.0 ],
							"rotationOrigin": [ 1.0, -0.5, 6.0 ],
							"faces": {
								"north": { "texture": "#lid", "uv": [ 8.5, 7.0, 9.5, 10.5 ] },
								"east": { "texture": "#lid", "uv": [ 0.0, 10.5, 12.0, 14.0 ] },
								"south": { "texture": "#lid", "uv": [ 6.0, 3.0, 7.0, 6.5 ] },
								"west": { "texture": "#lid", "uv": [ 1.0, 12.0, 13.0, 15.5 ] },
								"up": { "texture": "#lid", "uv": [ 3.0, 3.0, 4.0, 15.0 ] },
								"down": { "texture": "#lid", "uv": [ 1.5, 0.5, 2.5, 12.5 ] }
							}
						},
						{
							"name": "Plank 2 East",
							"from": [ 1.0, 3.5, 0.0 ],
							"to": [ 2.0, 7.0, 12.0 ],
							"rotationOrigin": [ 1.0, 3.5, 6.0 ],
							"faces": {
								"north": { "texture": "#lid", "uv": [ 0.0, 9.0, 1.0, 12.5 ] },
								"east": { "texture": "#lid", "uv": [ 3.0, 0.5, 15.0, 4.0 ] },
								"south": { "texture": "#lid", "uv": [ 2.5, 2.5, 3.5, 6.0 ] },
								"west": { "texture": "#lid", "uv": [ 3.0, 7.5, 15.0, 11.0 ] },
								"up": { "texture": "#lid", "uv": [ 13.5, 0.0, 14.5, 12.0 ] },
								"down": { "texture": "#lid", "uv": [ 4.5, 1.0, 5.5, 13.0 ] }
							}
						},
						{
							"name": "Plank 3 East",
							"from": [ 1.0, 7.5, 0.0 ],
							"to": [ 2.0, 11.0, 12.0 ],
							"rotationOrigin": [ 1.0, 7.5, 6.0 ],
							"faces": {
								"north": { "texture": "#lid", "uv": [ 12.0, 10.5, 13.0, 14.0 ] },
								"east": { "texture": "#lid", "uv": [ 3.0, 11.5, 15.0, 15.0 ] },
								"south": { "texture": "#lid", "uv": [ 5.5, 6.5, 6.5, 10.0 ] },
								"west": { "texture": "#lid", "uv": [ 1.0, 10.5, 13.0, 14.0 ] },
								"up": { "texture": "#lid", "uv": [ 10.0, 3.0, 11.0, 15.0 ] },
								"down": { "texture": "#lid", "uv": [ 4.5, 0.5, 5.5, 12.5 ] }
							}
						},
						{
							"name": "Plank 4 East",
							"from": [ 1.0, 11.5, 0.0 ],
							"to": [ 2.0, 15.0, 12.0 ],
							"rotationOrigin": [ 1.0, 11.5, 6.0 ],
							"faces": {
								"north": { "texture": "#lid", "uv": [ 12.0, 3.0, 13.0, 6.5 ] },
								"east": { "texture": "#lid", "uv": [ 0.5, 4.5, 12.5, 8.0 ] },
								"south": { "texture": "#lid", "uv": [ 9.0, 5.5, 10.0, 9.0 ] },
								"west": { "texture": "#lid", "uv": [ 0.5, 9.5, 12.5, 13.0 ] },
								"up": { "texture": "#lid", "uv": [ 11.5, 1.5, 12.5, 13.5 ] },
								"down": { "texture": "#lid", "uv": [ 3.0, 0.0, 4.0, 12.0 ] }
							}
						}
					]
				},
				{
					"name": "Stick SW",
					"from": [ -6.0, 1.0, 5.0 ],
					"to": [ -5.0, 16.0, 6.0 ],
					"rotationOrigin": [ -6.0, 1.0, 5.0 ],
					"faces": {
						"north": { "texture": "#lid", "uv": [ 0.0, 9.0, 15.0, 10.0 ], "rotation": 90 },
						"east": { "texture": "#lid", "uv": [ 0.0, 3.0, 15.0, 4.0 ], "rotation": 90 },
						"south": { "texture": "#lid", "uv": [ 0.5, 7.0, 15.5, 8.0 ], "rotation": 90 },
						"west": { "texture": "#lid", "uv": [ 0.0, 3.5, 15.0, 4.5 ], "rotation": 90 },
						"up": { "texture": "#lid", "uv": [ 4.5, 1.5, 5.5, 2.5 ] },
						"down": { "texture": "#lid", "uv": [ 2.5, 11.0, 3.5, 12.0 ] }
					},
					"children": [
						{
							"name": "Plank 1 South",
							"from": [ -1.0, -0.5, 1.0 ],
							"to": [ 13.0, 3.0, 2.0 ],
							"rotationOrigin": [ 6.0, -0.5, 0.0 ],
							"faces": {
								"north": { "texture": "#lid", "uv": [ 0.0, 0.0, 14.0, 3.5 ] },
								"east": { "texture": "#lid", "uv": [ 13.0, 8.0, 14.0, 11.5 ] },
								"south": { "texture": "#lid", "uv": [ 0.0, 10.0, 14.0, 13.5 ] },
								"west": { "texture": "#lid", "uv": [ 2.5, 2.5, 3.5, 6.0 ] },
								"up": { "texture": "#lid", "uv": [ 0.0, 7.0, 14.0, 8.0 ] },
								"down": { "texture": "#lid", "uv": [ 0.5, 12.0, 14.5, 13.0 ] }
							}
						},
						{
							"name": "Plank 2 South",
							"from": [ -1.0, 3.5, 1.0 ],
							"to": [ 13.0, 7.0, 2.0 ],
							"rotationOrigin": [ 6.0, 3.5, 1.0 ],
							"faces": {
								"north": { "texture": "#lid", "uv": [ 1.0, 9.5, 15.0, 13.0 ] },
								"east": { "texture": "#lid", "uv": [ 8.0, 12.0, 9.0, 15.5 ] },
								"south": { "texture": "#lid", "uv": [ 0.0, 5.0, 14.0, 8.5 ] },
								"west": { "texture": "#lid", "uv": [ 2.5, 0.0, 3.5, 3.5 ] },
								"up": { "texture": "#lid", "uv": [ 1.0, 13.0, 15.0, 14.0 ] },
								"down": { "texture": "#lid", "uv": [ 1.0, 14.5, 15.0, 15.5 ] }
							}
						},
						{
							"name": "Plank 3 South",
							"from": [ -1.0, 7.5, 1.0 ],
							"to": [ 13.0, 11.0, 2.0 ],
							"rotationOrigin": [ 6.0, 7.5, 1.0 ],
							"faces": {
								"north": { "texture": "#lid", "uv": [ 0.0, 6.0, 14.0, 9.5 ] },
								"east": { "texture": "#lid", "uv": [ 4.5, 6.0, 5.5, 9.5 ] },
								"south": { "texture": "#lid", "uv": [ 1.5, 12.0, 15.5, 15.5 ] },
								"west": { "texture": "#lid", "uv": [ 12.5, 8.0, 13.5, 11.5 ] },
								"up": { "texture": "#lid", "uv": [ 0.5, 14.5, 14.5, 15.5 ] },
								"down": { "texture": "#lid", "uv": [ 0.5, 5.0, 14.5, 6.0 ] }
							}
						},
						{
							"name": "Plank 4 South",
							"from": [ -1.0, 11.5, 1.0 ],
							"to": [ 13.0, 15.0, 2.0 ],
							"rotationOrigin": [ 6.0, 11.5, 1.0 ],
							"faces": {
								"north": { "texture": "#lid", "uv": [ 0.5, 3.0, 14.5, 6.5 ] },
								"east": { "texture": "#lid", "uv": [ 8.5, 2.5, 9.5, 6.0 ] },
								"south": { "texture": "#lid", "uv": [ 1.5, 2.0, 15.5, 5.5 ] },
								"west": { "texture": "#lid", "uv": [ 9.0, 6.5, 10.0, 10.0 ] },
								"up": { "texture": "#lid", "uv": [ 1.5, 6.0, 15.5, 7.0 ] },
								"down": { "texture": "#lid", "uv": [ 1.5, 2.5, 15.5, 3.5 ] }
							}
						}
					]
				},
				{
					"name": "Stick ES",
					"from": [ 5.0, 1.0, 5.0 ],
					"to": [ 6.0, 16.0, 6.0 ],
					"rotationOrigin": [ 5.0, 1.0, 5.0 ],
					"faces": {
						"north": { "texture": "#lid", "uv": [ 0.0, 8.5, 15.0, 9.5 ], "rotation": 90 },
						"east": { "texture": "#lid", "uv": [ 0.0, 7.5, 15.0, 8.5 ], "rotation": 90 },
						"south": { "texture": "#lid", "uv": [ 0.5, 14.5, 15.5, 15.5 ], "rotation": 90 },
						"west": { "texture": "#lid", "uv": [ 0.0, 13.0, 15.0, 14.0 ], "rotation": 90 },
						"up": { "texture": "#lid", "uv": [ 5.0, 9.0, 6.0, 10.0 ] },
						"down": { "texture": "#lid", "uv": [ 14.5, 2.0, 15.5, 3.0 ] }
					}
				},
				{
					"name": "nail1",
					"from": [ -6.75, 0.75, -7.2 ],
					"to": [ -6.25, 1.25, -6.7 ],
					"rotationOrigin": [ -6.75, 0.75, -7.2 ],
					"faces": {
						"north": { "texture": "#nail", "uv": [ 2.0, 14.5, 2.5, 15.0 ] },
						"east": { "texture": "#nail", "uv": [ 4.5, 12.0, 5.0, 12.5 ] },
						"south": { "texture": "#nail", "uv": [ 10.5, 8.0, 11.0, 8.5 ] },
						"west": { "texture": "#nail", "uv": [ 10.0, 5.0, 10.5, 5.5 ] },
						"up": { "texture": "#nail", "uv": [ 0.5, 9.0, 1.0, 9.5 ] },
						"down": { "texture": "#nail", "uv": [ 5.5, 9.5, 6.0, 10.0 ] }
					},
					"children": [
						{
							"name": "nail2",
							"from": [ 0.0, 2.5, 0.0 ],
							"to": [ 0.5, 3.0, 0.5 ],
							"rotationOrigin": [ 0.0, 2.5, 0.0 ],
							"faces": {
								"north": { "texture": "#nail", "uv": [ 2.0, 14.5, 2.5, 15.0 ] },
								"east": { "texture": "#nail", "uv": [ 4.5, 12.0, 5.0, 12.5 ] },
								"south": { "texture": "#nail", "uv": [ 10.5, 8.0, 11.0, 8.5 ] },
								"west": { "texture": "#nail", "uv": [ 10.0, 5.0, 10.5, 5.5 ] },
								"up": { "texture": "#nail", "uv": [ 0.5, 9.0, 1.0, 9.5 ] },
								"down": { "texture": "#nail", "uv": [ 5.5, 9.5, 6.0, 10.0 ] }
							}
						},
						{
							"name": "nail3",
							"from": [ 0.0, 4.0, 0.0 ],
							"to": [ 0.5, 4.5, 0.5 ],
							"rotationOrigin": [ 0.0, 4.0, 0.0 ],
							"faces": {
								"north": { "texture": "#nail", "uv": [ 2.0, 14.5, 2.5, 15.0 ] },
								"east": { "texture": "#nail", "uv": [ 4.5, 12.0, 5.0, 12.5 ] },
								"south": { "texture": "#nail", "uv": [ 10.5, 8.0, 11.0, 8.5 ] },
								"west": { "texture": "#nail", "uv": [ 10.0, 5.0, 10.5, 5.5 ] },
								"up": { "texture": "#nail", "uv": [ 0.5, 9.0, 1.0, 9.5 ] },
								"down": { "texture": "#nail", "uv": [ 5.5, 9.5, 6.0, 10.0 ] }
							}
						},
						{
							"name": "nail4",
							"from": [ 0.0, 6.5, 0.0 ],
							"to": [ 0.5, 7.0, 0.5 ],
							"rotationOrigin": [ 0.0, 6.5, 0.0 ],
							"faces": {
								"north": { "texture": "#nail", "uv": [ 2.0, 14.5, 2.5, 15.0 ] },
								"east": { "texture": "#nail", "uv": [ 4.5, 12.0, 5.0, 12.5 ] },
								"south": { "texture": "#nail", "uv": [ 10.5, 8.0, 11.0, 8.5 ] },
								"west": { "texture": "#nail", "uv": [ 10.0, 5.0, 10.5, 5.5 ] },
								"up": { "texture": "#nail", "uv": [ 0.5, 9.0, 1.0, 9.5 ] },
								"down": { "texture": "#nail", "uv": [ 5.5, 9.5, 6.0, 10.0 ] }
							}
						},
						{
							"name": "nail5",
							"from": [ 0.0, 8.0, 0.0 ],
							"to": [ 0.5, 8.5, 0.5 ],
							"rotationOrigin": [ 0.0, 8.0, 0.0 ],
							"faces": {
								"north": { "texture": "#nail", "uv": [ 2.0, 14.5, 2.5, 15.0 ] },
								"east": { "texture": "#nail", "uv": [ 4.5, 12.0, 5.0, 12.5 ] },
								"south": { "texture": "#nail", "uv": [ 10.5, 8.0, 11.0, 8.5 ] },
								"west": { "texture": "#nail", "uv": [ 10.0, 5.0, 10.5, 5.5 ] },
								"up": { "texture": "#nail", "uv": [ 0.5, 9.0, 1.0, 9.5 ] },
								"down": { "texture": "#nail", "uv": [ 5.5, 9.5, 6.0, 10.0 ] }
							}
						},
						{
							"name": "nail6",
							"from": [ 0.0, 10.5, 0.0 ],
							"to": [ 0.5, 11.0, 0.5 ],
							"rotationOrigin": [ 0.0, 10.5, 0.0 ],
							"faces": {
								"north": { "texture": "#nail", "uv": [ 2.0, 14.5, 2.5, 15.0 ] },
								"east": { "texture": "#nail", "uv": [ 4.5, 12.0, 5.0, 12.5 ] },
								"south": { "texture": "#nail", "uv": [ 10.5, 8.0, 11.0, 8.5 ] },
								"west": { "texture": "#nail", "uv": [ 10.0, 5.0, 10.5, 5.5 ] },
								"up": { "texture": "#nail", "uv": [ 0.5, 9.0, 1.0, 9.5 ] },
								"down": { "texture": "#nail", "uv": [ 5.5, 9.5, 6.0, 10.0 ] }
							}
						},
						{
							"name": "nail7",
							"from": [ 0.0, 12.0, 0.0 ],
							"to": [ 0.5, 12.5, 0.5 ],
							"rotationOrigin": [ 0.0, 12.0, 0.0 ],
							"faces": {
								"north": { "texture": "#nail", "uv": [ 2.0, 14.5, 2.5, 15.0 ] },
								"east": { "texture": "#nail", "uv": [ 4.5, 12.0, 5.0, 12.5 ] },
								"south": { "texture": "#nail", "uv": [ 10.5, 8.0, 11.0, 8.5 ] },
								"west": { "texture": "#nail", "uv": [ 10.0, 5.0, 10.5, 5.5 ] },
								"up": { "texture": "#nail", "uv": [ 0.5, 9.0, 1.0, 9.5 ] },
								"down": { "texture": "#nail", "uv": [ 5.5, 9.5, 6.0, 10.0 ] }
							}
						},
						{
							"name": "nail8",
							"from": [ 0.0, 14.5, 0.0 ],
							"to": [ 0.5, 15.0, 0.5 ],
							"rotationOrigin": [ 0.0, 14.5, 0.0 ],
							"faces": {
								"north": { "texture": "#nail", "uv": [ 2.0, 14.5, 2.5, 15.0 ] },
								"east": { "texture": "#nail", "uv": [ 4.5, 12.0, 5.0, 12.5 ] },
								"south": { "texture": "#nail", "uv": [ 10.5, 8.0, 11.0, 8.5 ] },
								"west": { "texture": "#nail", "uv": [ 10.0, 5.0, 10.5, 5.5 ] },
								"up": { "texture": "#nail", "uv": [ 0.5, 9.0, 1.0, 9.5 ] },
								"down": { "texture": "#nail", "uv": [ 5.5, 9.5, 6.0, 10.0 ] }
							}
						}
					]
				},
				{
					"name": "nail9",
					"from": [ 6.25, 0.75, -7.2 ],
					"to": [ 6.75, 1.25, -6.7 ],
					"rotationOrigin": [ 6.25, 0.75, -7.2 ],
					"faces": {
						"north": { "texture": "#nail", "uv": [ 2.0, 14.5, 2.5, 15.0 ] },
						"east": { "texture": "#nail", "uv": [ 4.5, 12.0, 5.0, 12.5 ] },
						"south": { "texture": "#nail", "uv": [ 10.5, 8.0, 11.0, 8.5 ] },
						"west": { "texture": "#nail", "uv": [ 10.0, 5.0, 10.5, 5.5 ] },
						"up": { "texture": "#nail", "uv": [ 0.5, 9.0, 1.0, 9.5 ] },
						"down": { "texture": "#nail", "uv": [ 5.5, 9.5, 6.0, 10.0 ] }
					},
					"children": [
						{
							"name": "nail10",
							"from": [ 0.0, 2.5, 0.0 ],
							"to": [ 0.5, 3.0, 0.5 ],
							"rotationOrigin": [ 0.0, 2.5, 0.0 ],
							"faces": {
								"north": { "texture": "#nail", "uv": [ 2.0, 14.5, 2.5, 15.0 ] },
								"east": { "texture": "#nail", "uv": [ 4.5, 12.0, 5.0, 12.5 ] },
								"south": { "texture": "#nail", "uv": [ 10.5, 8.0, 11.0, 8.5 ] },
								"west": { "texture": "#nail", "uv": [ 10.0, 5.0, 10.5, 5.5 ] },
								"up": { "texture": "#nail", "uv": [ 0.5, 9.0, 1.0, 9.5 ] },
								"down": { "texture": "#nail", "uv": [ 5.5, 9.5, 6.0, 10.0 ] }
							}
						},
						{
							"name": "nail11",
							"from": [ 0.0, 4.0, 0.0 ],
							"to": [ 0.5, 4.5, 0.5 ],
							"rotationOrigin": [ 0.0, 4.0, 0.0 ],
							"faces": {
								"north": { "texture": "#nail", "uv": [ 2.0, 14.5, 2.5, 15.0 ] },
								"east": { "texture": "#nail", "uv": [ 4.5, 12.0, 5.0, 12.5 ] },
								"south": { "texture": "#nail", "uv": [ 10.5, 8.0, 11.0, 8.5 ] },
								"west": { "texture": "#nail", "uv": [ 10.0, 5.0, 10.5, 5.5 ] },
								"up": { "texture": "#nail", "uv": [ 0.5, 9.0, 1.0, 9.5 ] },
								"down": { "texture": "#nail", "uv": [ 5.5, 9.5, 6.0, 10.0 ] }
							}
						},
						{
							"name": "nail12",
							"from": [ 0.0, 6.5, 0.0 ],
							"to": [ 0.5, 7.0, 0.5 ],
							"rotationOrigin": [ 0.0, 6.5, 0.0 ],
							"faces": {
								"north": { "texture": "#nail", "uv": [ 2.0, 14.5, 2.5, 15.0 ] },
								"east": { "texture": "#nail", "uv": [ 4.5, 12.0, 5.0, 12.5 ] },
								"south": { "texture": "#nail", "uv": [ 10.5, 8.0, 11.0, 8.5 ] },
								"west": { "texture": "#nail", "uv": [ 10.0, 5.0, 10.5, 5.5 ] },
								"up": { "texture": "#nail", "uv": [ 0.5, 9.0, 1.0, 9.5 ] },
								"down": { "texture": "#nail", "uv": [ 5.5, 9.5, 6.0, 10.0 ] }
							}
						},
						{
							"name": "nail13",
							"from": [ 0.0, 8.0, 0.0 ],
							"to": [ 0.5, 8.5, 0.5 ],
							"rotationOrigin": [ 0.0, 8.0, 0.0 ],
							"faces": {
								"north": { "texture": "#nail", "uv": [ 2.0, 14.5, 2.5, 15.0 ] },
								"east": { "texture": "#nail", "uv": [ 4.5, 12.0, 5.0, 12.5 ] },
								"south": { "texture": "#nail", "uv": [ 10.5, 8.0, 11.0, 8.5 ] },
								"west": { "texture": "#nail", "uv": [ 10.0, 5.0, 10.5, 5.5 ] },
								"up": { "texture": "#nail", "uv": [ 0.5, 9.0, 1.0, 9.5 ] },
								"down": { "texture": "#nail", "uv": [ 5.5, 9.5, 6.0, 10.0 ] }
							}
						},
						{
							"name": "nail14",
							"from": [ 0.0, 10.5, 0.0 ],
							"to": [ 0.5, 11.0, 0.5 ],
							"rotationOrigin": [ 0.0, 10.5, 0.0 ],
							"faces": {
								"north": { "texture": "#nail", "uv": [ 2.0, 14.5, 2.5, 15.0 ] },
								"east": { "texture": "#nail", "uv": [ 4.5, 12.0, 5.0, 12.5 ] },
								"south": { "texture": "#nail", "uv": [ 10.5, 8.0, 11.0, 8.5 ] },
								"west": { "texture": "#nail", "uv": [ 10.0, 5.0, 10.5, 5.5 ] },
								"up": { "texture": "#nail", "uv": [ 0.5, 9.0, 1.0, 9.5 ] },
								"down": { "texture": "#nail", "uv": [ 5.5, 9.5, 6.0, 10.0 ] }
							}
						},
						{
							"name": "nail15",
							"from": [ 0.0, 12.0, 0.0 ],
							"to": [ 0.5, 12.5, 0.5 ],
							"rotationOrigin": [ 0.0, 12.0, 0.0 ],
							"faces": {
								"north": { "texture": "#nail", "uv": [ 2.0, 14.5, 2.5, 15.0 ] },
								"east": { "texture": "#nail", "uv": [ 4.5, 12.0, 5.0, 12.5 ] },
								"south": { "texture": "#nail", "uv": [ 10.5, 8.0, 11.0, 8.5 ] },
								"west": { "texture": "#nail", "uv": [ 10.0, 5.0, 10.5, 5.5 ] },
								"up": { "texture": "#nail", "uv": [ 0.5, 9.0, 1.0, 9.5 ] },
								"down": { "texture": "#nail", "uv": [ 5.5, 9.5, 6.0, 10.0 ] }
							}
						},
						{
							"name": "nail16",
							"from": [ 0.0, 14.5, 0.0 ],
							"to": [ 0.5, 15.0, 0.5 ],
							"rotationOrigin": [ 0.0, 14.5, 0.0 ],
							"faces": {
								"north": { "texture": "#nail", "uv": [ 2.0, 14.5, 2.5, 15.0 ] },
								"east": { "texture": "#nail", "uv": [ 4.5, 12.0, 5.0, 12.5 ] },
								"south": { "texture": "#nail", "uv": [ 10.5, 8.0, 11.0, 8.5 ] },
								"west": { "texture": "#nail", "uv": [ 10.0, 5.0, 10.5, 5.5 ] },
								"up": { "texture": "#nail", "uv": [ 0.5, 9.0, 1.0, 9.5 ] },
								"down": { "texture": "#nail", "uv": [ 5.5, 9.5, 6.0, 10.0 ] }
							}
						}
					]
				},
				{
					"name": "nail17",
					"from": [ 6.25, 0.75, 6.7 ],
					"to": [ 6.75, 1.25, 7.2 ],
					"rotationOrigin": [ 6.25, 0.75, 6.7 ],
					"faces": {
						"north": { "texture": "#nail", "uv": [ 2.0, 14.5, 2.5, 15.0 ] },
						"east": { "texture": "#nail", "uv": [ 4.5, 12.0, 5.0, 12.5 ] },
						"south": { "texture": "#nail", "uv": [ 10.5, 8.0, 11.0, 8.5 ] },
						"west": { "texture": "#nail", "uv": [ 10.0, 5.0, 10.5, 5.5 ] },
						"up": { "texture": "#nail", "uv": [ 0.5, 9.0, 1.0, 9.5 ] },
						"down": { "texture": "#nail", "uv": [ 5.5, 9.5, 6.0, 10.0 ] }
					},
					"children": [
						{
							"name": "nail18",
							"from": [ 0.0, 2.5, 0.0 ],
							"to": [ 0.5, 3.0, 0.5 ],
							"rotationOrigin": [ 0.0, 2.5, 0.0 ],
							"faces": {
								"north": { "texture": "#nail", "uv": [ 2.0, 14.5, 2.5, 15.0 ] },
								"east": { "texture": "#nail", "uv": [ 4.5, 12.0, 5.0, 12.5 ] },
								"south": { "texture": "#nail", "uv": [ 10.5, 8.0, 11.0, 8.5 ] },
								"west": { "texture": "#nail", "uv": [ 10.0, 5.0, 10.5, 5.5 ] },
								"up": { "texture": "#nail", "uv": [ 0.5, 9.0, 1.0, 9.5 ] },
								"down": { "texture": "#nail", "uv": [ 5.5, 9.5, 6.0, 10.0 ] }
							}
						},
						{
							"name": "nail19",
							"from": [ 0.0, 4.0, 0.0 ],
							"to": [ 0.5, 4.5, 0.5 ],
							"rotationOrigin": [ 0.0, 4.0, 0.0 ],
							"faces": {
								"north": { "texture": "#nail", "uv": [ 2.0, 14.5, 2.5, 15.0 ] },
								"east": { "texture": "#nail", "uv": [ 4.5, 12.0, 5.0, 12.5 ] },
								"south": { "texture": "#nail", "uv": [ 10.5, 8.0, 11.0, 8.5 ] },
								"west": { "texture": "#nail", "uv": [ 10.0, 5.0, 10.5, 5.5 ] },
								"up": { "texture": "#nail", "uv": [ 0.5, 9.0, 1.0, 9.5 ] },
								"down": { "texture": "#nail", "uv": [ 5.5, 9.5, 6.0, 10.0 ] }
							}
						},
						{
							"name": "nail20",
							"from": [ 0.0, 6.5, 0.0 ],
							"to": [ 0.5, 7.0, 0.5 ],
							"rotationOrigin": [ 0.0, 6.5, 0.0 ],
							"faces": {
								"north": { "texture": "#nail", "uv": [ 2.0, 14.5, 2.5, 15.0 ] },
								"east": { "texture": "#nail", "uv": [ 4.5, 12.0, 5.0, 12.5 ] },
								"south": { "texture": "#nail", "uv": [ 10.5, 8.0, 11.0, 8.5 ] },
								"west": { "texture": "#nail", "uv": [ 10.0, 5.0, 10.5, 5.5 ] },
								"up": { "texture": "#nail", "uv": [ 0.5, 9.0, 1.0, 9.5 ] },
								"down": { "texture": "#nail", "uv": [ 5.5, 9.5, 6.0, 10.0 ] }
							}
						},
						{
							"name": "nail21",
							"from": [ 0.0, 8.0, 0.0 ],
							"to": [ 0.5, 8.5, 0.5 ],
							"rotationOrigin": [ 0.0, 8.0, 0.0 ],
							"faces": {
								"north": { "texture": "#nail", "uv": [ 2.0, 14.5, 2.5, 15.0 ] },
								"east": { "texture": "#nail", "uv": [ 4.5, 12.0, 5.0, 12.5 ] },
								"south": { "texture": "#nail", "uv": [ 10.5, 8.0, 11.0, 8.5 ] },
								"west": { "texture": "#nail", "uv": [ 10.0, 5.0, 10.5, 5.5 ] },
								"up": { "texture": "#nail", "uv": [ 0.5, 9.0, 1.0, 9.5 ] },
								"down": { "texture": "#nail", "uv": [ 5.5, 9.5, 6.0, 10.0 ] }
							}
						},
						{
							"name": "nail22",
							"from": [ 0.0, 10.5, 0.0 ],
							"to": [ 0.5, 11.0, 0.5 ],
							"rotationOrigin": [ 0.0, 10.5, 0.0 ],
							"faces": {
								"north": { "texture": "#nail", "uv": [ 2.0, 14.5, 2.5, 15.0 ] },
								"east": { "texture": "#nail", "uv": [ 4.5, 12.0, 5.0, 12.5 ] },
								"south": { "texture": "#nail", "uv": [ 10.5, 8.0, 11.0, 8.5 ] },
								"west": { "texture": "#nail", "uv": [ 10.0, 5.0, 10.5, 5.5 ] },
								"up": { "texture": "#nail", "uv": [ 0.5, 9.0, 1.0, 9.5 ] },
								"down": { "texture": "#nail", "uv": [ 5.5, 9.5, 6.0, 10.0 ] }
							}
						},
						{
							"name": "nail23",
							"from": [ 0.0, 12.0, 0.0 ],
							"to": [ 0.5, 12.5, 0.5 ],
							"rotationOrigin": [ 0.0, 12.0, 0.0 ],
							"faces": {
								"north": { "texture": "#nail", "uv": [ 2.0, 14.5, 2.5, 15.0 ] },
								"east": { "texture": "#nail", "uv": [ 4.5, 12.0, 5.0, 12.5 ] },
								"south": { "texture": "#nail", "uv": [ 10.5, 8.0, 11.0, 8.5 ] },
								"west": { "texture": "#nail", "uv": [ 10.0, 5.0, 10.5, 5.5 ] },
								"up": { "texture": "#nail", "uv": [ 0.5, 9.0, 1.0, 9.5 ] },
								"down": { "texture": "#nail", "uv": [ 5.5, 9.5, 6.0, 10.0 ] }
							}
						},
						{
							"name": "nail24",
							"from": [ 0.0, 14.5, 0.0 ],
							"to": [ 0.5, 15.0, 0.5 ],
							"rotationOrigin": [ 0.0, 14.5, 0.0 ],
							"faces": {
								"north": { "texture": "#nail", "uv": [ 2.0, 14.5, 2.5, 15.0 ] },
								"east": { "texture": "#nail", "uv": [ 4.5, 12.0, 5.0, 12.5 ] },
								"south": { "texture": "#nail", "uv": [ 10.5, 8.0, 11.0, 8.5 ] },
								"west": { "texture": "#nail", "uv": [ 10.0, 5.0, 10.5, 5.5 ] },
								"up": { "texture": "#nail", "uv": [ 0.5, 9.0, 1.0, 9.5 ] },
								"down": { "texture": "#nail", "uv": [ 5.5, 9.5, 6.0, 10.0 ] }
							}
						}
					]
				},
				{
					"name": "nail25",
					"from": [ -6.75, 0.75, 6.7 ],
					"to": [ -6.25, 1.25, 7.2 ],
					"rotationOrigin": [ -6.75, 0.75, 6.7 ],
					"faces": {
						"north": { "texture": "#nail", "uv": [ 2.0, 14.5, 2.5, 15.0 ] },
						"east": { "texture": "#nail", "uv": [ 4.5, 12.0, 5.0, 12.5 ] },
						"south": { "texture": "#nail", "uv": [ 10.5, 8.0, 11.0, 8.5 ] },
						"west": { "texture": "#nail", "uv": [ 10.0, 5.0, 10.5, 5.5 ] },
						"up": { "texture": "#nail", "uv": [ 0.5, 9.0, 1.0, 9.5 ] },
						"down": { "texture": "#nail", "uv": [ 5.5, 9.5, 6.0, 10.0 ] }
					},
					"children": [
						{
							"name": "nail26",
							"from": [ 0.0, 2.5, 0.0 ],
							"to": [ 0.5, 3.0, 0.5 ],
							"rotationOrigin": [ 0.0, 2.5, 0.0 ],
							"faces": {
								"north": { "texture": "#nail", "uv": [ 2.0, 14.5, 2.5, 15.0 ] },
								"east": { "texture": "#nail", "uv": [ 4.5, 12.0, 5.0, 12.5 ] },
								"south": { "texture": "#nail", "uv": [ 10.5, 8.0, 11.0, 8.5 ] },
								"west": { "texture": "#nail", "uv": [ 10.0, 5.0, 10.5, 5.5 ] },
								"up": { "texture": "#nail", "uv": [ 0.5, 9.0, 1.0, 9.5 ] },
								"down": { "texture": "#nail", "uv": [ 5.5, 9.5, 6.0, 10.0 ] }
							}
						},
						{
							"name": "nail27",
							"from": [ 0.0, 4.0, 0.0 ],
							"to": [ 0.5, 4.5, 0.5 ],
							"rotationOrigin": [ 0.0, 4.0, 0.0 ],
							"faces": {
								"north": { "texture": "#nail", "uv": [ 2.0, 14.5, 2.5, 15.0 ] },
								"east": { "texture": "#nail", "uv": [ 4.5, 12.0, 5.0, 12.5 ] },
								"south": { "texture": "#nail", "uv": [ 10.5, 8.0, 11.0, 8.5 ] },
								"west": { "texture": "#nail", "uv": [ 10.0, 5.0, 10.5, 5.5 ] },
								"up": { "texture": "#nail", "uv": [ 0.5, 9.0, 1.0, 9.5 ] },
								"down": { "texture": "#nail", "uv": [ 5.5, 9.5, 6.0, 10.0 ] }
							}
						},
						{
							"name": "nail28",
							"from": [ 0.0, 6.5, 0.0 ],
							"to": [ 0.5, 7.0, 0.5 ],
							"rotationOrigin": [ 0.0, 6.5, 0.0 ],
							"faces": {
								"north": { "texture": "#nail", "uv": [ 2.0, 14.5, 2.5, 15.0 ] },
								"east": { "texture": "#nail", "uv": [ 4.5, 12.0, 5.0, 12.5 ] },
								"south": { "texture": "#nail", "uv": [ 10.5, 8.0, 11.0, 8.5 ] },
								"west": { "texture": "#nail", "uv": [ 10.0, 5.0, 10.5, 5.5 ] },
								"up": { "texture": "#nail", "uv": [ 0.5, 9.0, 1.0, 9.5 ] },
								"down": { "texture": "#nail", "uv": [ 5.5, 9.5, 6.0, 10.0 ] }
							}
						},
						{
							"name": "nail29",
							"from": [ 0.0, 8.0, 0.0 ],
							"to": [ 0.5, 8.5, 0.5 ],
							"rotationOrigin": [ 0.0, 8.0, 0.0 ],
							"faces": {
								"north": { "texture": "#nail", "uv": [ 2.0, 14.5, 2.5, 15.0 ] },
								"east": { "texture": "#nail", "uv": [ 4.5, 12.0, 5.0, 12.5 ] },
								"south": { "texture": "#nail", "uv": [ 10.5, 8.0, 11.0, 8.5 ] },
								"west": { "texture": "#nail", "uv": [ 10.0, 5.0, 10.5, 5.5 ] },
								"up": { "texture": "#nail", "uv": [ 0.5, 9.0, 1.0, 9.5 ] },
								"down": { "texture": "#nail", "uv": [ 5.5, 9.5, 6.0, 10.0 ] }
							}
						},
						{
							"name": "nail30",
							"from": [ 0.0, 10.5, 0.0 ],
							"to": [ 0.5, 11.0, 0.5 ],
							"rotationOrigin": [ 0.0, 10.5, 0.0 ],
							"faces": {
								"north": { "texture": "#nail", "uv": [ 2.0, 14.5, 2.5, 15.0 ] },
								"east": { "texture": "#nail", "uv": [ 4.5, 12.0, 5.0, 12.5 ] },
								"south": { "texture": "#nail", "uv": [ 10.5, 8.0, 11.0, 8.5 ] },
								"west": { "texture": "#nail", "uv": [ 10.0, 5.0, 10.5, 5.5 ] },
								"up": { "texture": "#nail", "uv": [ 0.5, 9.0, 1.0, 9.5 ] },
								"down": { "texture": "#nail", "uv": [ 5.5, 9.5, 6.0, 10.0 ] }
							}
						},
						{
							"name": "nail31",
							"from": [ 0.0, 12.0, 0.0 ],
							"to": [ 0.5, 12.5, 0.5 ],
							"rotationOrigin": [ 0.0, 12.0, 0.0 ],
							"faces": {
								"north": { "texture": "#nail", "uv": [ 2.0, 14.5, 2.5, 15.0 ] },
								"east": { "texture": "#nail", "uv": [ 4.5, 12.0, 5.0, 12.5 ] },
								"south": { "texture": "#nail", "uv": [ 10.5, 8.0, 11.0, 8.5 ] },
								"west": { "texture": "#nail", "uv": [ 10.0, 5.0, 10.5, 5.5 ] },
								"up": { "texture": "#nail", "uv": [ 0.5, 9.0, 1.0, 9.5 ] },
								"down": { "texture": "#nail", "uv": [ 5.5, 9.5, 6.0, 10.0 ] }
							}
						},
						{
							"name": "nail32",
							"from": [ 0.0, 14.5, 0.0 ],
							"to": [ 0.5, 15.0, 0.5 ],
							"rotationOrigin": [ 0.0, 14.5, 0.0 ],
							"faces": {
								"north": { "texture": "#nail", "uv": [ 2.0, 14.5, 2.5, 15.0 ] },
								"east": { "texture": "#nail", "uv": [ 4.5, 12.0, 5.0, 12.5 ] },
								"south": { "texture": "#nail", "uv": [ 10.5, 8.0, 11.0, 8.5 ] },
								"west": { "texture": "#nail", "uv": [ 10.0, 5.0, 10.5, 5.5 ] },
								"up": { "texture": "#nail", "uv": [ 0.5, 9.0, 1.0, 9.5 ] },
								"down": { "texture": "#nail", "uv": [ 5.5, 9.5, 6.0, 10.0 ] }
							}
						}
					]
				}
			]
		}
	]
}