[
  {
    "op": "remove",
    "path": "/attributes/attachmentAreas",
    "file": "blocktypes/clay/oillamp.json"
  },
  {
    "op": "remove",
    "path": "/behaviorsByType",
    "file": "blocktypes/clay/oillamp.json"
  },
  {
    "op": "remove",
    "path": "/class",
    "file": "blocktypes/clay/oillamp.json"
  },
  {
    "op": "add",
    "path": "/behaviors",
    "value": [
      {
        "name": "OmniAttachable",
        "properties": {
          "facingCode": "position",
          "attachmentAreas": {
            "down": {
              "x1": 5,
              "y1": 0,
              "z1": 5,
              "x2": 10,
              "y2": 0,
              "z2": 10
            },
            "up": {
              "x1": 4,
              "y1": 0,
              "z1": 4,
              "x2": 11,
              "y2": 0,
              "z2": 11
            },
            "north": {
              "x1": 7,
              "y1": 6,
              "z1": 15,
              "x2": 8,
              "y2": 7,
              "z2": 15,
              "rotateY": 180
            },
            "east": {
              "x1": 7,
              "y1": 6,
              "z1": 15,
              "x2": 8,
              "y2": 7,
              "z2": 15,
              "rotateY": 270
            },
            "south": {
              "x1": 7,
              "y1": 6,
              "z1": 15,
              "x2": 8,
              "y2": 7,
              "z2": 15,
              "rotateY": 0
            },
            "west": {
              "x1": 7,
              "y1": 6,
              "z1": 15,
              "x2": 8,
              "y2": 7,
              "z2": 15,
              "rotateY": 90
            }
          }
        }
      },
      {
        "name": "RightClickPickup"
      }
    ],
    "file": "blocktypes/clay/oillamp.json"
  },
  {
    "op": "add",
    "path": "/selectionboxbytype/*-down",
    "value": {
      "x1": 0.3125,
      "y1": 0.3125,
      "z1": 0.3125,
      "x2": 0.6875,
      "y2": 0.525,
      "z2": 0.6875
    },
    "file": "blocktypes/clay/oillamp.json"
  },
  {
    "op": "add",
    "path": "/shapebytype/*-down",
    "value": {
      "base": "block/clay/bowl-ceiling_hang"
    },
    "file": "blocktypes/clay/oillamp.json"
  },
  {
    "op": "replace",
    "path": "/shapebytype/*-east/base",
    "value": "block/clay/bowl-wall_hang",
    "file": "blocktypes/clay/oillamp.json"
  },
  {
    "op": "replace",
    "path": "/shapebytype/*-north/base",
    "value": "block/clay/bowl-wall_hang",
    "file": "blocktypes/clay/oillamp.json"
  },
  {
    "op": "replace",
    "path": "/shapebytype/*-south/base",
    "value": "block/clay/bowl-wall_hang",
    "file": "blocktypes/clay/oillamp.json"
  },
  {
    "op": "replace",
    "path": "/shapebytype/*-west/base",
    "value": "block/clay/bowl-wall_hang",
    "file": "blocktypes/clay/oillamp.json"
  },
  {
    "op": "replace",
    "path": "/variantgroups",
    "value": [
      {
        "code": "position",
        "states": [
          "up",
          "down"
        ],
        "loadFromProperties": "abstract/horizontalorientation"
      }
    ],
    "file": "blocktypes/clay/oillamp.json"
  }
]