{
	"code": "clothes",
	"class": "AttachmentableLight",
	"variantgroups": [
		{
			"code": "category",
			"states": [ "waist" ]
		},
		{
			"code": "waist",
			"combine": "SelectiveMultiply",
			"onVariant": "category",
			"states": [
				"heavy-belt-brass-lantern-off",
				"heavy-belt-brass-lantern-on"
			]
		}
	],
	"shape": { "base": "awearablelight:entity/humanoid/seraph/clothing/waist/{waist}" },
	"storageFlags": 128,
	"attributesByType": {
		"*-heavy-belt-brass-lantern-off": {
			"sound": null, // Not being used yet
			"wearableAttachment": true,
			"clothescategory": "waist",
			"warmth": 0.5
		},
		"*-heavy-belt-brass-lantern-on": {
			"sound": "game:sounds/effect/extinguish",
			"wearableAttachment": true,
			"clothescategory": "waist",
			"warmth": 0.5,
			"warmth-bouse": 0.35
		}
	},
	"textures": {
		"seraph": { "base": "game:block/transparent" }
	},
	"creativeinventory": {
		"general": [ "*-heavy-belt-brass-lantern-off" ],
		"items": [ "*-heavy-belt-brass-lantern-off" ],
		"clothing": [ "*-heavy-belt-brass-lantern-off" ],
		"awearablelight": [ "*-heavy-belt-brass-lantern-off" ]
	},
	"lightHsvbyType": {
		"*-heavy-belt-brass-lantern-on": [ 6, 4, 12 ]
	},
	"heldRightReadyAnimationByTpe": {
		"*-heavy-belt-brass-lantern-on": null
	},
	"renderAlphaTest": 0.25,
	"fpHandTransform": {
		"translation": {
			"x": 0.6,
			"y": -1.5,
			"z": -1.3
		},
		"rotation": {
			"x": 42,
			"y": 100,
			"z": -9
		},
		"scale": 3.06
	},
	"tpHandTransform": {
		"translation": {
			"x": -0.95,
			"y": -1.4,
			"z": -1
		},
		"rotation": {
			"x": 0,
			"y": -90,
			"z": -7
		},
		"scale": 0.55
	},
	"guiTransformByType": {
		"*": {
			"translation": {
				"x": 0,
				"y": 0,
				"z": 19
			},
			"rotation": {
				"x": 174,
				"y": -45,
				"z": 23
			},
			"origin": {
				"x": 0.4,
				"y": 0.9,
				"z": 0.45
			},
			"scale": 2.7
		}
	},
	"groundTransform": {
		"translation": {
			"x": 0.05,
			"y": -0.21,
			"z": 0
		},
		"rotation": {
			"x": 0,
			"y": 0,
			"z": 0
		},
		"origin": {
			"x": 0.5,
			"y": 0.5,
			"z": 0.5299
		},
		"scale": 2.72
	}
}