[
    {
        "op": "add",
        "path": "/enabled",
        "value": false,
        "file": "awearablelight:recipes/grid/clothes/head/candle1.json",
        "side": "Server",
        "condition": {
            "when": "EnableRecipe",
            "isValue": "false"
        }
    },
    {
        "op": "add",
        "path": "/enabled",
        "value": false,
        "file": "awearablelight:recipes/grid/clothes/head/candle2.json",
        "side": "Server",
        "condition": {
            "when": "EnableRecipe",
            "isValue": "false"
        }
    },
    {
        "op": "add",
        "path": "/enabled",
        "value": false,
        "file": "awearablelight:recipes/grid/clothes/head/oillamp.json",
        "side": "Server",
        "condition": {
            "when": "EnableRecipe",
            "isValue": "false"
        }
    }
]