[
  {
    "op": "addmerge",
    "path": "/behaviorsByType/*-ripe/0",
    "value": {name: "PushEventOnBlockHarvested", properties: { 
			"eventName": "berryharvest",
			"beeChanceMultiplier": 0.25
		  }
    },
    "file": "game:blocktypes/plant/smallberrybush.json"
  },
	{
    "op": "addmerge",
		"path": "/behaviorsByType/*-ripe/0",
    "value": {name: "PushEventOnBlockHarvested", properties: { 
			"eventName": "berryharvest",
			"beeChanceMultiplier": 0.25
		  }
    },
    "file": "game:blocktypes/plant/bigberrybush.json"
  }
]