{
	"editor": {
		"collapsedPaths": "Root/cube0/Main-leather",
		"allAngles": false,
		"entityTextureMode": false
	},
	"textureWidth": 16,
	"textureHeight": 16,
	"textureSizes": {
	},
	"textures": {
		"oil-lamp-on": "entity/humanoid/seraphclothes/head/oil-lamp-on"
	},
	"elements": [
		{
			"name": "Metal",
			"stepParentName": "Head",
			"from": [ -2.2, 4.035, 1.6 ],
			"to": [ -0.4, 5.235, 3.4 ],
			"rotationOrigin": [ -3.0, 4.0, 2.0 ],
			"faces": {
				"north": { "texture": "#oil-lamp-on", "uv": [ 14.5, 7.0, 16.0, 8.0 ] },
				"east": { "texture": "#oil-lamp-on", "uv": [ 13.0, 7.0, 14.5, 8.0 ] },
				"south": { "texture": "#oil-lamp-on", "uv": [ 14.0, 6.0, 15.5, 7.0 ] },
				"west": { "texture": "#oil-lamp-on", "uv": [ 13.0, 7.0, 14.5, 8.0 ] },
				"up": { "texture": "#oil-lamp-on", "uv": [ 13.0, 5.5, 14.5, 7.0 ], "glow": 5 },
				"down": { "texture": "#oil-lamp-on", "uv": [ 14.5, 5.5, 16.0, 7.0 ] }
			},
			"children": [
				{
					"name": "Main-leather",
					"from": [ 1.85, -0.015, -1.65 ],
					"to": [ 8.4, 0.985, 3.45 ],
					"rotationOrigin": [ 1.85, -0.015, -1.5 ],
					"faces": {
						"north": { "texture": "#oil-lamp-on", "uv": [ 0.0, 4.5, 6.5, 5.5 ] },
						"east": { "texture": "#oil-lamp-on", "uv": [ 0.0, 2.5, 5.0, 3.5 ], "windMode": [-1,-1,-1,-1] },
						"south": { "texture": "#oil-lamp-on", "uv": [ 0.0, 5.5, 6.5, 6.5 ] },
						"west": { "texture": "#oil-lamp-on", "uv": [ 0.0, 3.5, 5.0, 4.5 ] }
					},
					"children": [
						{
							"name": "Leather1",
							"from": [ -1.45, 0.0, 1.6 ],
							"to": [ -0.45, 1.0, 3.51 ],
							"rotationOrigin": [ -2.75, -0.27, 2.05 ],
							"faces": {
								"north": { "texture": "#oil-lamp-on", "uv": [ 0.0, 6.5, 1.0, 7.5 ], "glow": 5, "windMode": [-1,-1,-1,-1] },
								"south": { "texture": "#oil-lamp-on", "uv": [ 3.0, 6.5, 4.0, 7.5 ], "windMode": [-1,-1,-1,-1] },
								"down": { "texture": "#oil-lamp-on", "uv": [ 1.5, 6.0, 2.5, 7.5 ], "windMode": [-1,-1,-1,-1] }
							}
						},
						{
							"name": "Leather2",
							"from": [ -1.9, 0.025, 1.6 ],
							"to": [ 0.0, 1.025, 3.5 ],
							"rotationOrigin": [ -2.75, -0.27, 2.05 ],
							"faces": {
								"north": { "texture": "#oil-lamp-on", "uv": [ 0.0, 6.5, 1.5, 7.5 ], "glow": 5 },
								"south": { "texture": "#oil-lamp-on", "uv": [ 3.0, 6.5, 4.5, 7.5 ] },
								"west": { "texture": "#oil-lamp-on", "uv": [ 4.5, 6.5, 6.0, 7.5 ] }
							}
						}
					]
				},
				{
					"name": "Oil",
					"from": [ 0.2, 1.2, 0.2 ],
					"to": [ 1.6, 1.3, 1.6 ],
					"rotationOrigin": [ 0.1, 1.2, 0.2 ],
					"faces": {
						"up": { "texture": "#oil-lamp-on", "uv": [ 0.0, 12.5, 3.5, 16.0 ], "glow": 198, "autoUv": false }
					},
					"children": [
						{
							"name": "Oil2",
							"from": [ 0.0, -0.05, 0.0 ],
							"to": [ 0.2, 0.15, 0.2 ],
							"rotationOrigin": [ -0.1, 0.0, 0.0 ],
							"faces": {
								"north": { "texture": "#oil-lamp-on", "uv": [ 1.0, 13.0, 1.5, 13.5 ], "windMode": [-1,-1,-1,-1] },
								"east": { "texture": "#oil-lamp-on", "uv": [ 1.5, 13.5, 2.0, 14.0 ], "windMode": [-1,-1,-1,-1] },
								"south": { "texture": "#oil-lamp-on", "uv": [ 2.0, 13.5, 2.5, 14.0 ], "windMode": [-1,-1,-1,-1] },
								"west": { "texture": "#oil-lamp-on", "uv": [ 2.5, 12.5, 3.0, 13.0 ], "windMode": [-1,-1,-1,-1] },
								"up": { "texture": "#oil-lamp-on", "uv": [ 0.5, 15.0, 1.0, 15.5 ], "glow": 198, "autoUv": false, "windMode": [-1,-1,-1,-1] }
							}
						},
						{
							"name": "Oil3",
							"from": [ 1.0, -0.05, 1.0 ],
							"to": [ 1.2, 0.15, 1.2 ],
							"rotationOrigin": [ 0.9, 0.0, 1.0 ],
							"faces": {
								"north": { "texture": "#oil-lamp-on", "uv": [ 1.5, 14.0, 2.0, 14.5 ] },
								"east": { "texture": "#oil-lamp-on", "uv": [ 0.5, 13.5, 1.0, 14.0 ] },
								"south": { "texture": "#oil-lamp-on", "uv": [ 1.5, 14.5, 2.0, 15.0 ] },
								"west": { "texture": "#oil-lamp-on", "uv": [ 2.0, 13.5, 2.5, 14.0 ], "windMode": [-1,-1,-1,-1] },
								"up": { "texture": "#oil-lamp-on", "uv": [ 1.5, 13.5, 2.0, 14.0 ], "glow": 198, "autoUv": false }
							}
						},
						{
							"name": "Oil4",
							"from": [ 0.3, -0.05, 0.8 ],
							"to": [ 0.5, 0.16, 1.0 ],
							"rotationOrigin": [ 0.9, 0.0, 1.0 ],
							"faces": {
								"north": { "texture": "#oil-lamp-on", "uv": [ 1.5, 14.0, 2.0, 14.5 ], "windMode": [-1,-1,-1,-1] },
								"east": { "texture": "#oil-lamp-on", "uv": [ 0.5, 13.5, 1.0, 14.0 ], "windMode": [-1,-1,-1,-1] },
								"south": { "texture": "#oil-lamp-on", "uv": [ 1.5, 14.5, 2.0, 15.0 ], "windMode": [-1,-1,-1,-1] },
								"west": { "texture": "#oil-lamp-on", "uv": [ 2.5, 14.0, 3.0, 14.5 ], "windMode": [-1,-1,-1,-1] },
								"up": { "texture": "#oil-lamp-on", "uv": [ 2.5, 14.0, 3.0, 14.5 ], "glow": 198, "autoUv": false }
							}
						},
						{
							"name": "Oil5",
							"from": [ 1.2, -0.05, 0.0 ],
							"to": [ 1.4, 0.15, 0.2 ],
							"rotationOrigin": [ 0.9, 0.0, 0.0 ],
							"faces": {
								"north": { "texture": "#oil-lamp-on", "uv": [ 1.5, 14.0, 2.0, 14.5 ] },
								"east": { "texture": "#oil-lamp-on", "uv": [ 0.5, 13.5, 1.0, 14.0 ] },
								"south": { "texture": "#oil-lamp-on", "uv": [ 1.5, 14.5, 2.0, 15.0 ] },
								"west": { "texture": "#oil-lamp-on", "uv": [ 2.0, 13.5, 2.5, 14.0 ] },
								"up": { "texture": "#oil-lamp-on", "uv": [ 1.5, 15.0, 2.0, 15.5 ], "glow": 198, "autoUv": false }
							}
						},
						{
							"name": "Oil6",
							"from": [ 0.2, -0.05, 1.0 ],
							"to": [ 0.4, 0.15, 1.2 ],
							"rotationOrigin": [ -0.1, 0.0, 1.0 ],
							"faces": {
								"north": { "texture": "#oil-lamp-on", "uv": [ 1.5, 14.0, 2.0, 14.5 ] },
								"east": { "texture": "#oil-lamp-on", "uv": [ 0.5, 13.5, 1.0, 14.0 ] },
								"south": { "texture": "#oil-lamp-on", "uv": [ 1.5, 14.5, 2.0, 15.0 ] },
								"west": { "texture": "#oil-lamp-on", "uv": [ 2.0, 13.5, 2.5, 14.0 ] },
								"up": { "texture": "#oil-lamp-on", "uv": [ 1.5, 15.0, 2.0, 15.5 ], "glow": 198, "autoUv": false }
							}
						},
						{
							"name": "Oil7",
							"from": [ 1.0, -0.05, 0.4 ],
							"to": [ 1.2, 0.15, 0.6 ],
							"rotationOrigin": [ 0.9, 0.0, 1.0 ],
							"faces": {
								"north": { "texture": "#oil-lamp-on", "uv": [ 1.5, 14.0, 2.0, 14.5 ] },
								"east": { "texture": "#oil-lamp-on", "uv": [ 0.5, 13.5, 1.0, 14.0 ] },
								"south": { "texture": "#oil-lamp-on", "uv": [ 1.5, 14.5, 2.0, 15.0 ] },
								"west": { "texture": "#oil-lamp-on", "uv": [ 2.0, 13.5, 2.5, 14.0 ] },
								"up": { "texture": "#oil-lamp-on", "uv": [ 1.5, 15.0, 2.0, 15.5 ], "glow": 198, "autoUv": false }
							}
						},
						{
							"name": "Glow2",
							"from": [ 0.1, 0.0, 0.1 ],
							"to": [ 1.35, 0.25, 1.35 ],
							"faces": {
								"north": { "texture": "#oil-lamp-on", "uv": [ 0.0, 9.0, 2.5, 11.5 ], "glow": 100, "autoUv": false },
								"east": { "texture": "#oil-lamp-on", "uv": [ 0.0, 9.0, 2.5, 11.5 ], "glow": 100, "autoUv": false },
								"south": { "texture": "#oil-lamp-on", "uv": [ 0.0, 9.0, 2.5, 11.5 ], "glow": 100, "autoUv": false },
								"west": { "texture": "#oil-lamp-on", "uv": [ 0.0, 9.0, 2.5, 11.5 ], "glow": 100, "autoUv": false },
								"up": { "texture": "#oil-lamp-on", "uv": [ 0.0, 9.0, 2.5, 11.5 ], "glow": 100, "autoUv": false }
							}
						},
						{
							"name": "Glow1",
							"from": [ 0.01, -0.01, 0.3 ],
							"to": [ 0.51, 0.24, 0.8 ],
							"faces": {
								"north": { "texture": "#oil-lamp-on", "uv": [ 0.0, 9.0, 2.5, 11.5 ], "glow": 100, "autoUv": false },
								"east": { "texture": "#oil-lamp-on", "uv": [ 0.0, 9.0, 2.5, 11.5 ], "glow": 100, "autoUv": false },
								"south": { "texture": "#oil-lamp-on", "uv": [ 0.0, 9.0, 2.5, 11.5 ], "glow": 100, "autoUv": false },
								"west": { "texture": "#oil-lamp-on", "uv": [ 0.0, 9.0, 2.5, 11.5 ], "glow": 100, "autoUv": false },
								"up": { "texture": "#oil-lamp-on", "uv": [ 0.0, 9.0, 2.5, 11.5 ], "glow": 100, "autoUv": false }
							}
						},
						{
							"name": "Glow3",
							"from": [ 0.9, -0.01, 0.78 ],
							"to": [ 1.4, 0.24, 1.28 ],
							"rotationOrigin": [ 1.0, 0.0, 0.0 ],
							"faces": {
								"north": { "texture": "#oil-lamp-on", "uv": [ 0.0, 9.0, 2.5, 11.5 ], "autoUv": false },
								"east": { "texture": "#oil-lamp-on", "uv": [ 0.0, 9.0, 2.5, 11.5 ], "glow": 100, "autoUv": false },
								"south": { "texture": "#oil-lamp-on", "uv": [ 0.0, 9.0, 2.5, 11.5 ], "glow": 100, "autoUv": false },
								"west": { "texture": "#oil-lamp-on", "uv": [ 0.0, 9.0, 2.5, 11.5 ], "glow": 100, "autoUv": false },
								"up": { "texture": "#oil-lamp-on", "uv": [ 0.0, 9.0, 2.5, 11.5 ], "glow": 100, "autoUv": false }
							}
						}
					]
				},
				{
					"name": "Ceramic W",
					"from": [ 0.0, 1.2, 0.0 ],
					"to": [ 0.2, 1.5, 1.8 ],
					"rotationOrigin": [ -0.8, -0.035, 0.4 ],
					"faces": {
						"north": { "texture": "#oil-lamp-on", "uv": [ 14.5, 6.0, 15.0, 6.5 ], "windMode": [-1,-1,-1,-1] },
						"east": { "texture": "#oil-lamp-on", "uv": [ 12.5, 6.5, 14.0, 7.0 ], "glow": 100, "windMode": [-1,-1,-1,-1] },
						"south": { "texture": "#oil-lamp-on", "uv": [ 14.0, 7.0, 14.5, 7.5 ], "windMode": [-1,-1,-1,-1] },
						"west": { "texture": "#oil-lamp-on", "uv": [ 13.0, 5.5, 14.5, 6.0 ], "windMode": [-1,-1,-1,-1] },
						"up": { "texture": "#oil-lamp-on", "uv": [ 8.5, 0.0, 9.0, 1.5 ], "glow": 50, "windMode": [-1,-1,-1,-1] }
					}
				},
				{
					"name": "Ceramic E",
					"from": [ 1.6, 1.2, 0.0 ],
					"to": [ 1.8, 1.5, 1.8 ],
					"rotationOrigin": [ 1.0, 1.2, 0.0 ],
					"faces": {
						"north": { "texture": "#oil-lamp-on", "uv": [ 14.5, 6.0, 15.0, 6.5 ] },
						"east": { "texture": "#oil-lamp-on", "uv": [ 12.5, 6.5, 14.0, 7.0 ] },
						"south": { "texture": "#oil-lamp-on", "uv": [ 14.0, 7.0, 14.5, 7.5 ] },
						"west": { "texture": "#oil-lamp-on", "uv": [ 13.0, 5.5, 14.5, 6.0 ], "glow": 100, "windMode": [-1,-1,-1,-1] },
						"up": { "texture": "#oil-lamp-on", "uv": [ 8.5, 0.0, 9.0, 1.5 ], "glow": 50, "windMode": [-1,-1,-1,-1] }
					}
				},
				{
					"name": "Ceramic S",
					"from": [ 0.2, 1.2, 1.6 ],
					"to": [ 1.6, 1.5, 1.8 ],
					"rotationOrigin": [ -0.2, 1.2, 1.0 ],
					"faces": {
						"north": { "texture": "#oil-lamp-on", "uv": [ 14.5, 6.0, 15.5, 6.5 ], "glow": 100 },
						"east": { "texture": "#oil-lamp-on", "uv": [ 12.5, 6.5, 13.0, 7.0 ] },
						"south": { "texture": "#oil-lamp-on", "uv": [ 14.0, 7.0, 15.0, 7.5 ] },
						"west": { "texture": "#oil-lamp-on", "uv": [ 13.0, 5.5, 13.5, 6.0 ] },
						"up": { "texture": "#oil-lamp-on", "uv": [ 8.5, 0.0, 9.5, 0.5 ], "glow": 50, "windMode": [-1,-1,-1,-1] }
					}
				},
				{
					"name": "Ceramic N",
					"from": [ 0.2, 1.2, 0.0 ],
					"to": [ 1.6, 1.5, 0.2 ],
					"rotationOrigin": [ -0.2, 1.2, 1.0 ],
					"faces": {
						"north": { "texture": "#oil-lamp-on", "uv": [ 14.5, 6.0, 15.5, 6.5 ], "glow": 5 },
						"east": { "texture": "#oil-lamp-on", "uv": [ 12.5, 6.5, 13.0, 7.0 ] },
						"south": { "texture": "#oil-lamp-on", "uv": [ 14.0, 7.0, 15.0, 7.5 ], "glow": 100, "windMode": [-1,-1,-1,-1] },
						"west": { "texture": "#oil-lamp-on", "uv": [ 13.0, 5.5, 13.5, 6.0 ] },
						"up": { "texture": "#oil-lamp-on", "uv": [ 8.5, 0.0, 9.5, 0.5 ], "glow": 50, "windMode": [-1,-1,-1,-1] }
					}
				}
			]
		}
	]}