{"GameVersion":"1.20.0","SizeX":9,"SizeY":7,"SizeZ":7,"BlockCodes":{"23037":"game:logquad-placed-aged-we","23011":"game:logquad-placed-aged-ns","8613":"game:meta-underground","6179":"game:rock-granite","9493":"game:agedstonebricks-granite","2966":"game:cobblestone-granite","5535":"game:loosestones-granite-free","23115":"game:logquad-barkedcorner-aged-south","23089":"game:logquad-barkedcorner-aged-east","633":"game:lootvessel-forage","8611":"game:meta-filler","8606":"game:clutter","23063":"game:logquad-barkedcorner-aged-north","456":"game:chiseledblock","9521":"game:door-ruined-rough3","136":"game:multiblock-monolithic-0-p1-0","7624":"game:roughhewnfence-aged-e-free","23141":"game:logquad-barkedcorner-aged-west","7646":"game:roughhewnfence-aged-w-free"},"ItemCodes":{},"Indices":[2100224,2049,3073,1050625,1051649,2098177,2099201,2100225,2101249,2102273,3148801,3149825,2050,3074,4098,1050626,1051650,1052674,2098178,2099202,2100226,2101250,2102274,2103298,3146754,3147778,3148802,3149826,3150850,4195330,4196354,4197378,4198402,4199426,1027,2051,3075,4099,5123,1049603,1050627,1051651,1052675,1053699,2097155,2098179,2099203,2100227,2101251,2102275,2103299,3146755,3149827,3150851,4195331,4199427,5248003,1028,2052,3076,4100,5124,1049604,1050628,1051652,1052676,1053700,2097156,2098180,2099204,2100228,2101252,2102276,2103300,3146756,3147780,3148804,3149828,3150852,4195332,4199428,5248004,1029,2053,3077,4101,5125,1049605,1050629,1051653,1052677,1053701,2097157,2098181,2099205,2100229,2101253,2102277,2103301,3146757,3147781,3149829,3150853,4195333,4199429,5248005,6296581,1030,2054,3078,4102,5126,1049606,1050630,1051654,1052678,1053702,2097158,2098182,2099206,2100230,2101254,2102278,2103302,3146758,3147782,3148806,3149830,3150854,4196358,4197382,4198406,4199430,5246982,5248006,6296582,1031,2055,3079,4103,5127,1049607,1050631,1051655,1052679,1053703,2098183,2099207,2100231,2101255,2102279,2103303,2101256],"BlockIds":[8613,6179,6179,6179,6179,8613,9493,9493,2966,8613,5535,5535,6179,6179,6179,6179,6179,6179,2966,9493,9493,9493,2966,2966,23115,23011,23011,23011,23089,23115,23011,23011,23011,23089,6179,6179,6179,6179,6179,6179,6179,6179,6179,6179,8613,2966,633,8611,9493,2966,9493,23037,8606,23063,456,23063,456,6179,6179,6179,6179,6179,6179,6179,6179,6179,6179,2966,9493,2966,9493,9493,2966,9493,23037,8606,8606,5535,9521,456,136,456,6179,6179,6179,6179,6179,6179,6179,6179,6179,6179,9493,9493,9493,2966,9493,2966,8613,23037,8606,8606,23089,8606,23089,456,7624,6179,6179,6179,6179,6179,6179,6179,6179,6179,6179,8613,2966,2966,2966,2966,9493,2966,23141,23011,23011,23011,23063,456,456,456,23063,456,23063,7646,6179,6179,6179,6179,6179,6179,6179,6179,6179,6179,6179,9493,8613,2966,2966,9493,8613],"DecorIndices":[],"DecorIds":[],"BlockEntities":{"3149827":"!<d@[F*N8H#64c-E,TfC$31&+!<d@[F*_TW#64o6@VfsmCI<#NAHu^]F`__:EWlSfH#R=(FCAWpAM%qFBl7Km1B[r'DffE0AQSp4!!!-.D.Rd%6#L=OA^XNS56M43DffE0AQf'6!!!<3@rH1\"ARfgnA,l`?Eb02uBl[-o@<?&\\!!!!%#B+3dF(KGqz\":&jWAohO*=TAF%!!EOFAnH*qFBSYE!!!!","4195331":"!<d@[F*N8H#64c-E,TfC$NL/,!<d@[F*_KT#64o6@VfsmCI<#NAIW-_Bldj%ARo7dDe!Pj$#O*mATDKnCi]UW!!)t#!!!$*A7]7hE`-gtz!=3^aFCB9*Df,QJ\"TSo8@s)7!Bk28dznFlp5GlIaL$>\"'gFAlmaAO158!$DORF(o/r;f?JdA,uZQ#S1ujA7\\&CD/XK;;f?JdA,uZQ\"USXSDe!QX@;TQU$Q!5p@;0OP@<?($BjkgTF^]00Bln'#Erc7@!!!Q1!!!","5248003":"!<d@[F*N8H#64c-E,TfC$ig8-!<d@[F*_WX#64o6@VfsmCI<#NAIW-_Bldj%ARo7dDe!Pj$Zg3(G@Pc)DeWa'!<<*\"GjonW$P@#lDfor.;f6Mt6ZljVBk28dzE:<i5q!\\7k$#O*mATDKnCi]UW!!)t#!!!$*A7]7hE`-gtz!=3^aFCB9*Df,QJ\"TSo8@s)7!Bk28c!!!!)n94j<$>\"'gFAlmaAO158!!!92F(o/r;f?JdA,uZ1#S1ujA7\\&CD/XK;;f?JdA,uZ1\"USXSDe!QX@;TQU$Q!5p@;0OP@<?($BjkgTF^]00Bln'#Erc7@!!!Q1!!!","3147780":"!<d@[F*N;I#64c-E,TfC$31&+!<d@[F*_NU#64o6@VfsmCI<#NAHu^]F`__:EWlSfH#R=/Anc9sE+sDIAU&<2DI[c?GA1T!\":&scFCB9&=9&=$!!EUFATMNNDJ*csgCHk?\":&scFCB9&=o\\O&!!rsADes6$@ru9m!!E[MAT2'lE`7'gFCbFP!!!-,De<U&ATV#S!!!!%#B+3dF(KGrz\":&jWAohO*=o\\O&!!!","3148804":"!<d@[F*N;I#64c-E,TfC$31&+!<d@[F*_QV#64o6@VfsmCI<#NAHu^]F`__:EWlSfH#R=,E,Ti?ATE&LF`_24F(oH31'@i&DffE0AQSp4!!!-.D.Rd%6#L=OA`V#M^]Xm_DffE0AQf'6!!!<3@rH1\"ARfgnA,l`?Eb02uBl[-o@<?&\\!!!!%#B+3dF(KGqz\":&jWAohO*=TAF%!!EOFAnH*qFBSYE!!!!","3150852":"!<d@[F*N;I#64c-E,TfC$31&+!<d@[F*_WX#64o6@VfsmCI<#NAJ/NlDfRFMF_P`)A1_h?F_>AD\":B0fFCB9&=]/[=gCMCj#mP<eASu'i!=93LDK]T3F@]hXA8Ggu!<EUFAS-$PDf9YmDf]\"\\!!!!\"$uBKeF@:%cE_p[q=TAF%!!*LEAS-$PDf9YmDf](_z","4195332":"!<d@[F*N;I#64c-E,TfC$NL/,!<d@[F*_KT#64o6@VfsmCI<#NAIW-_Bldj%ARo7dDe!Pj$Zg3(G@Pc)DeWa'!<<*\"E,^\"$$P@#lDfor.;f6Mt6ZljVBk28dzq!\\7hn8J@8$#O*mATDKnCi]UW!!)t#!!!$*A7]7hE`-gtz!=3^aFCB9*Df,QJ\"TSo8@s)7!Bk28czE-D9f$>\"'gFAlmaAO158!!!92F(o/r;f?JdA,uZ1#S1ujA7\\&CD/XK;;f?JdA,uZ1\"USXSDe!QX@;TQU$Q!5p@;0OP@<?($BjkgTF^]00Bln'#Erc7@!!!Q1!!!","5248004":"!<d@[F*N;I#64c-E,TfC$ig8-!<d@[F*_WX#64o6@VfsmCI<#NAIW-_Bldj%ARo7dDe!Pj$Zg3(G@Pc)DeWa'!WW3#E:A&OGkh\"5$P@#lDfor.;f6Mt6ZljVBk28czGjk\\@$#O*mATDKnCi]UW!!)t#!!!$*A7]7hE`-gtz!=3^aFCB9*Df,QJ\"TSo8@s)7!Bk28dzn94j<q\"Fao$>\"'gFAlmaAO158!!!92F(o/r;f?JdA,uZ1#S1ujA7\\&CD/XK;;f?JdA,uZ1\"USXSDe!QX@;TQU$Q!5p@;0OP@<?($BjkgTF^]00Bln'#Erc7@!!!Q1!!!","3147781":"!<d@[F*N>J#64c-E,TfC$31&+!<d@[F*_NU#64o6@VfsmCI<#NAHu^]F`__:EWlSfH#R=0@V'('@V'(%F*)G2G:diXBl7Km0a%`%DffE0AQSp4!!!-.D.Rd%6#L=OA`V%#56M43DffE0AQf'6!!!<3@rH1\"ARfgnA,l`?Eb02uBl[-o@<?&\\!!!!%#B+3dF(KGqz\":&jWAohO*=TAF%!!EOFAnH*qFBSYE!!!!","3149829":"!<d@[F*N>J#64c-E,TfC$31&+!<d@[F*_TW#64o6@VfsmCI<#NAHu^]F`__:EWlSfH#R=*@V'('@V'(%Ecl)6ARmLu#BFa)@<?'_z\":8pVF(djWB5D/?bEfmG#BFa)@<?'az#mk*[Ci!ZmFCet_\":K6]E+*I$;flGiAH2]1!!EOFAnH*qFBAMC!!!-,De<U&ATV&T!!!!%#B+3dF(KGsz!!","4195333":"!<d@[F*N>J#64c-E,TfC$NL/,!<d@[F*_KT#64o6@VfsmCI<#NAHu^]F`__:EWlSfH#R=(FCAWpATTMFFDl&.1B[r'DffE0AQSp4!!!-.D.Rd%6#L=OA_Ra;^'\"[]DffE0AQf'6!!!<3@rH1\"ARfgnA,l`?Eb02uBl[-o@<?&\\!!!!%#B+3dF(KGqz\":&jWAohO*=TAF%!!EOFAnH*qFBSYE!!!!","5248005":"!<d@[F*N>J#64c-E,TfC$ig8-!<d@[F*_WX#64o6@VfsmCI<#NAIW-_Bldj%ARo7dDe!Pj$#O*mATDKnCi]UW!!)t#!!!$*A7]7hE`-gtz!=3^aFCB9*Df,QJ\"TSo8@s)7!Bk28eznFlp5q#:>Mn:(ED$>\"'gFAlmaAO158!%%sXF(o/r;f?JdA,uZW#S1ujA7\\&CD/XK;;f?JdA,uZW\"USXSDe!QX@;TQU$Q!5p@;0OP@<?($BjkgTF^]00Bln'#Erc7@!!!Q1!!!","4196358":"!<d@[F*NAK#64c-E,TfC$NL/,!<d@[F*_NU#64o6@VfsmCI<#NAIW-_Bldj%ARo7dDe!Pj$Zg3(G@Pc)DeWa'!WW3#E,bOOGkh\"5$P@#lDfor.;f6Mt6ZljVBk28c!!!!)n8J@8$#O*mATDKnCi]UW!!)%^!!!$*A7]7hE`-gtz!=3^aFCB9*Df,QJ\"TSo8@s)7!Bk28dzE;'><q\"Fao$>\"'gFAlmaAO158!!!92F(o/r;f?JdA,uZ1#S1ujA7\\&CD/XK;;f?JdA,uZ1\"USXSDe!QX@;TQU$Q!5p@;0OP@<?($BjkgTF^]00Bln'#Erc7@!!!Q1!!!","4197382":"!<d@[F*NAK#64c-E,TfC$NL/,!<d@[F*_QV#64o6@VfsmCI<#NAIW-_Bldj%ARo7dDe!Pj$#O*mATDKnCi]UW!!)%^!!!$*A7]7hE`-gtz!=3^aFCB9*Df,QJ\"TSo8@s)7!Bk28eznFlp5E;oooq#:=\"$>\"'gFAlmaAO158!%\\B^F(o/r;f?JdA,uZ]#S1ujA7\\&CD/XK;;f?JdA,uZ]\"USXSDe!QX@;TQU$Q!5p@;0OP@<?($BjkgTF^]00Bln'#Erc7@!!!Q1!!!","4198406":"!<d@[F*NAK#64c-E,TfC$NL/,!<d@[F*_TW#64o6@VfsmCI<#NAIW-_Bldj%ARo7dDe!Pj$#O*mATDKnCi]UW!!)%^!!!$*A7]7hE`-gtz!=3^aFCB9*Df,QJ\"TSo8@s)7!Bk28cznG`Io$>\"'gFAlmaAO158!'^_qF(o/r;f?JdA,uZp#S1ujA7\\&CD/XK;;f?JdA,uZp\"USXSDe!QX@;TQU$Q!5p@;0OP@<?($BjkgTF^]00Bln'#Erc7@!!!Q1!!!","5246982":"!<d@[F*NAK#64c-E,TfC$ig8-!<d@[F*_TW#64o6@VfsmCI<#NAIW-_Bldj%ARo7dDe!Pj$Zg3(G@Pc)DeWa'!rr<$q\"XjhE-V*WGjonW$P@#lDfor.;f6Mt6ZljVBk28czE,Ydb$#O*mATDKnCi]UW!!)%^!!!$*A7]7hE`-gtz!=3^aFCB9*Df,QJ\"TSo8@s)7!Bk28ezq\"Faon94kgq#:=\"$>\"'gFAlmaAO158!!!92F(o/r;f?JdA,uZ1#S1ujA7\\&CD/XK;;f?JdA,uZ1\"USXSDe!QX@;TQU$Q!5p@;0OP@<?($BjkgTF^]00Bln'#Erc7@!!!Q1!!!"},"Entities":[],"ReplaceMode":2,"EntranceRotation":-1,"OriginalPos":{"X":506229,"Z":515419,"InternalY":3}}