{"GameVersion":"1.20.0","SizeX":10,"SizeY":8,"SizeZ":7,"BlockCodes":{"2852":"game:cobblestoneslab-granite-down-free","3023":"game:cobblestonestairs-granite-up-east-free","2966":"game:cobblestone-granite","3099":"game:cobblestonestairs-granite-up-west-free","2833":"game:cobblestoneslab-granite-up-free","2647":"game:forestfloor-6","8613":"game:meta-underground","5535":"game:loosestones-granite-free","6179":"game:rock-granite","456":"game:chiseledblock","2645":"game:forestfloor-4","2670":"game:soil-medium-none","5122":"game:looseboulders-granite-free","633":"game:lootvessel-forage","9493":"game:agedstonebricks-granite","2642":"game:forestfloor-1","2757":"game:cobblestoneslab-granite-north-free","8606":"game:clutter"},"ItemCodes":{},"Indices":[2099200,2100224,3147776,1025,2049,3073,4097,1049601,1050625,1051649,1052673,2098177,2099201,2100225,2101249,3146753,1026,2050,3074,4098,1049602,1050626,1051650,1052674,2098178,2099202,2100226,2101250,3147778,3148802,1027,2051,3075,4099,1049603,1050627,1051651,1052675,2098179,2099203,2100227,2101251,3147779,3148803,3149827,4197379,1028,2052,3076,4100,1049604,1050628,1051652,1052676,2097156,2098180,2099204,2100228,2101252,2102276,3148804,3149828,4197380,4198404,5245956,1029,2053,3077,4101,1049605,1050629,1051653,1052677,2098181,2099205,2100229,2101253,2102277,3147781,3148805,3149829,4197381,5245957,6294533,1030,2054,3078,4102,1049606,1050630,1051654,1052678,1053702,2098182,2099206,2100230,2101254,2102278,2103302,3149830,3150854,5245958,6294534,7343110,1031,3079,4103,1049607,1051655,1052679,2098183,2099207,2100231,2101255,3148807,3080,1051656,2100232,3148808,2099209,2100233,3147785],"BlockIds":[2647,8613,5535,6179,6179,6179,6179,6179,6179,6179,6179,2647,2647,2647,2966,456,6179,6179,6179,6179,6179,6179,6179,6179,2966,2645,2670,2647,5122,456,6179,6179,6179,6179,6179,6179,6179,6179,2647,2645,2670,2647,456,456,633,456,6179,6179,6179,6179,6179,6179,6179,6179,8613,9493,2645,9493,2642,2647,2966,2757,456,456,3023,6179,6179,6179,6179,6179,6179,6179,6179,9493,2647,2642,2645,2645,5535,456,456,456,2966,456,6179,6179,6179,6179,6179,6179,6179,6179,6179,9493,9493,2645,2647,2647,2647,5535,456,456,456,456,6179,6179,6179,6179,6179,6179,9493,8613,2647,9493,5535,6179,6179,2647,8606,2647,8613,5122],"DecorIndices":[],"DecorIds":[],"BlockEntities":{"3146753":"!<d@[F*OOk#64c-E,TfC$31&+!<d@[F*_KT#64o6@VfsmCI<#NAIW-_Bldj%ARo7dDe!Pj$Zg3(G@Pc)DeWa'!WW3#E,^\"$Gkh\"5$P@#lDfor.;f6Mt6ZljVBk28dzGjk\\=n8J@8$#O*mATDKnCi]UW!!\"8P!!!$*A7]7hE`-gtz!=3^aFCB9*Df,QJ\"TSo8@s)7!Bk28dzE-D9fq\"Fao$>\"'gFAlmaAO158!!!92F(o/r;f?JdA,uZ1#S1ujA7\\&CD/XK;;f?JdA,uZ1\"USXSDe!QX@;TQm7ri$UBlmo/@rGgcCh7[0Df0,/F)58o$P./rBkM-t@;J;R@W,skErc7@!!)N_!\"0TOG%#*$9jr-TEbSru;0?;bFD5i2ATIkP!!!!)!!!!","3148802":"!<d@[F*ORl#64c-E,TfC$31&+!<d@[F*_QV#64o6@VfsmCI<#NAIW-_Bldj%ARo7dDe!Pj$#O*mATDKnCi]UW!!(=Q!!!$*A7]7hE`-gtz!=3^aFCB9*Df,QJ\"TSo8@s)7!Bk28dznFlp=n:(ED$>\"'gFAlmaAO158!$DORF(o/r;f?JdA,uZQ#S1ujA7\\&CD/XK;;f?JdA,uZQ\"USXSDe!QX@;TQo7ri$UBlmo/@rGgcCh7[0Df0,/F*(i)EcVU!DfTQ)Bl7?q6ZljVBk28dznFlp=nG`Ir(L_JqBl$LPFCfK,@;Je`@;^1$FD5<-!<<*\"!\"8i-!!","3147779":"!<d@[F*OUm#64c-E,TfC$31&+!<d@[F*_NU#64o6@VfsmCI<#NAIW-_Bldj%ARo7dDe!Pj$Zg3(G@Pc)DeWa'!WW3#E,bOOGkh\"5$P@#lDfor.;f6Mt6ZljVBk28c!!!!)n8J@8$#O*mATDKnCi]UW!!\"8P!!!$*A7]7hE`-gtz!=3^aFCB9*Df,QJ\"TSo8@s)7!Bk28dzE;'><q\"Fao$>\"'gFAlmaAO158!!!92F(o/r;f?JdA,uZ1#S1ujA7\\&CD/XK;;f?JdA,uZ1\"USXSDe!QX@;TQm7ri$UBlmo/@rGgcCh7[0Df0,/F)58o$P./rBkM-t@;J;R@W,skErc7@!!)N_!\"0TOG%#*$9jr-TEbSru;0?;bFD5i2ATIkP!!!!)!!!!","3148803":"!<d@[F*OUm#64c-E,TfC$31&+!<d@[F*_QV#64o6@VfsmCI<#NAIW-_Bldj%ARo7dDe!Pj$#O*mATDKnCi]UW!!&;m!!!$*A7]7hE`-gtz!=3^aFCB9*Df,QJ\"TSo8@s)7!Bk28eznFlp5E;oooq#:=\"$>\"'gFAlmaAO158!%\\B^F(o/r;f?JdA,uZ]#S1ujA7\\&CD/XK;;f?JdA,uZ]\"USXSDe!QX@;TQh7ri$UBlmo/@rGgcCh7[0Df0+o(L_JqBl$LPFCfK,@;Je`@;^1$FD5<-!<<*\"!\"],1!!","4197379":"!<d@[F*OUm#64c-E,TfC$NL/,!<d@[F*_QV#64o6@VfsmCI<#NAIW-_Bldj%ARo7dDe!Pj$#O*mATDKnCi]UW!!&;m!!!$*A7]7hE`-gtz!=3^aFCB9*Df,QJ\"TSo8@s)7!Bk28dznFlp=q#:=\"$>\"'gFAlmaAO158!$DORF(o/r;f?JdA,uZQ#S1ujA7\\&CD/XK;;f?JdA,uZQ\"USXSDe!QX@;TQh7ri$UBlmo/@rGgcCh7[0Df0+o(L_JqBl$LPFCfK,@;Je`@;^1$FD5<-!<<*\"!\"],1!!","4197380":"!<d@[F*OXn#64c-E,TfC$NL/,!<d@[F*_QV#64o6@VfsmCI<#NAIW-_Bldj%ARo7dDe!Pj$#O*mATDKnCi]UW!!&;m!!!$*A7]7hE`-gtz!=3^aFCB9*Df,QJ\"TSo8@s)7!Bk28fzq\"Fc=n:(EDn94kgq#:=\"$>\"'gFAlmaAO158!!3E4F(o/r;f?JdA,uZ3#S1ujA7\\&CD/XK;;f?JdA,uZ3\"USXSDe!QX@;TQh7ri$UBlmo/@rGgcCh7[0Df0+o(L_JqBl$LPFCfK,@;Je`@;^1$FD5<-!<<*\"!\"],1!!","4198404":"!<d@[F*OXn#64c-E,TfC$NL/,!<d@[F*_TW#64o6@VfsmCI<#NAIW-_Bldj%ARo7dDe!Pj$#O*mATDKnCi]UW!!\"8P!!!$*A7]7hE`-gtz!=3^aFCB9*Df,QJ\"TSo8@s)7!Bk28czE-D9f$>\"'gFAlmaAO158!!!92F(o/r;f?JdA,uZ1#S1ujA7\\&CD/XK;;f?JdA,uZ1\"USXSDe!QX@;TQm7ri$UBlmo/@rGgcCh7[0Df0,/F)58o$P./rBkM-t@;J;R@W,skErc7@!!)N_!\"0TOG%#*$9jr-TEbSru;0?;bFD5i2ATIkP!!!!)!!!!","3148805":"!<d@[F*O[o#64c-E,TfC$31&+!<d@[F*_QV#64o6@VfsmCI<#NAIW-_Bldj%ARo7dDe!Pj$#O*mATDKnCi]UW!!&;m!!!$*A7]7hE`-gtz!=3^aFCB9*Df,QJ\"TSo8@s)7!Bk28eznFlp5GlIc\"n:(ED$>\"'gFAlmaAO158!$DORF(o/r;f?JdA,uZQ#S1ujA7\\&CD/XK;;f?JdA,uZQ\"USXSDe!QX@;TQh7ri$UBlmo/@rGgcCh7[0Df0+o(L_JqBl$LPFCfK,@;Je`@;^1$FD5<-!<<*\"!\"],1!!","3149829":"!<d@[F*O[o#64c-E,TfC$31&+!<d@[F*_TW#64o6@VfsmCI<#NAIW-_Bldj%ARo7dDe!Pj$Zg3(G@Pc)DeWa'!WW3#E,bOOGkh\"5$P@#lDfor.;f6Mt6ZljVBk28c!!!!)n8J@8$#O*mATDKnCi]UW!!\"8P!!!$*A7]7hE`-gtz!=3^aFCB9*Df,QJ\"TSo8@s)7!Bk28dzE;'><q\"Fao$>\"'gFAlmaAO158!!!92F(o/r;f?JdA,uZ1#S1ujA7\\&CD/XK;;f?JdA,uZ1\"USXSDe!QX@;TQm7ri$UBlmo/@rGgcCh7[0Df0,/F)58o$P./rBkM-t@;J;R@W,skErc7@!!)N_!\"0TOG%#*$9jr-TEbSru;0?;bFD5i2ATIkP!!!!)!!!!","4197381":"!<d@[F*O[o#64c-E,TfC$NL/,!<d@[F*_QV#64o6@VfsmCI<#NAIW-_Bldj%ARo7dDe!Pj$Zg3(G@Pc)DeWa'!<<*\"n9Fs5$P@#lDfor.;f6Mt6ZljVBk28dzn8J@5q!\\7k$#O*mATDKnCi]UW!!!rH!!!$*A7]7hE`-gtz!=3^aFCB9*Df,QJ\"TSo8@s)7!Bk28c!!!\"LGlIaL$>\"'gFAlmaAO158!!!92F(o/r;f?JdA,uZ1#S1ujA7\\&CD/XK;;f?JdA,uZ1\"USXSDe!QX@;TQo7ri$UBlmo/@rGgcCh7[0Df0,/F*(i)EcVU!DfTQ)Bl7?q6ZljVBk28dznFlp5E;onG(L_JqBl$LPFCfK,@;Je`@;^1$FD5<-!<<*\"!\"8i-!!","6294533":"!<d@[F*O[o#64c-E,TfC%0-A.!<d@[F*_QV#64o6@VfsmCI<#NAIW-_Bldj%ARo7dDe!Pj$Zg3(G@Pc)DeWa'!WW3#q!e:`E,^\"$$P@#lDfor.;f6Mt6ZljVBk28czGjk\\@$#O*mATDKnCi]UW!!(=Q!!!$*A7]7hE`-gtz!=3^aFCB9*Df,QJ\"TSo8@s)7!Bk28ezn94j<q#:>Mn:(ED$>\"'gFAlmaAO158!!3E4F(o/r;f?JdA,uZ3#S1ujA7\\&CD/XK;;f?JdA,uZ3\"USXSDe!QX@;TQo7ri$UBlmo/@rGgcCh7[0Df0,/F*(i)EcVU!DfTQ)Bl7?q6ZljVBk28dznFlp=nG`Ir(L_JqBl$LPFCfK,@;Je`@;^1$FD5<-!<<*\"!\"8i-!!","3150854":"!<d@[F*O^p#64c-E,TfC$31&+!<d@[F*_WX#64o6@VfsmCI<#NAIW-_Bldj%ARo7dDe!Pj$Zg3(G@Pc)DeWa'!WW3#E-V*WGjonW$P@#lDfor.;f6Mt6ZljVBk28dzE,Yd_q!\\7k$#O*mATDKnCi]UW!!\"8P!!!$*A7]7hE`-gtz!=3^aFCB9*Df,QJ\"TSo8@s)7!Bk28dzGkV1Dn94j<$>\"'gFAlmaAO158!!!92F(o/r;f?JdA,uZ1#S1ujA7\\&CD/XK;;f?JdA,uZ1\"USXSDe!QX@;TQm7ri$UBlmo/@rGgcCh7[0Df0,/F)58o$P./rBkM-t@;J;R@W,skErc7@!!)N_!\"0TOG%#*$9jr-TEbSru;0?;bFD5i2ATIkP!!!!)!!!!","5245958":"!<d@[F*O^p#64c-E,TfC$ig8-!<d@[F*_QV#64o6@VfsmCI<#NAIW-_Bldj%ARo7dDe!Pj$#O*mATDKnCi]UW!!!T=!!!$*A7]7hE`-gtz!=3^aFCB9*Df,QJ\"TSo8@s)7!Bk28d!!!\"LGlIc\"n:(ED$>\"'gFAlmaAO158!!!92F(o/r;f?JdA,uZ1#S1ujA7\\&CD/XK;;f?JdA,uZ1\"USXSDe!QX@;TQm7ri$UBlmo/@rGgcCh7[0Df0,/F)58o$P./rBkM-t@;J;R@W,skErc7@!.aS=!\"0TOG%#*$9jr-TEbSru;0?;bFD5i2ATIkP!!!!)!!!!","6294534":"!<d@[F*O^p#64c-E,TfC%0-A.!<d@[F*_QV#64o6@VfsmCI<#NAIW-_Bldj%ARo7dDe!Pj$#O*mATDKnCi]UW!!\"8P!!!$*A7]7hE`-gtz!=3^aFCB9*Df,QJ\"TSo8@s)7!Bk28ezn94j4GkV2gE.7in$>\"'gFAlmaAO158!!!92F(o/r;f?JdA,uZ1#S1ujA7\\&CD/XK;;f?JdA,uZ1\"USXSDe!QX@;TQm7ri$UBlmo/@rGgcCh7[0Df0,/F)58o$P./rBkM-t@;J;R@W,skErc7@!!)N_!\"0TOG%#*$9jr-TEbSru;0?;bFD5i2ATIkP!!!!)!!!!","7343110":"!<d@[F*O^p#64c-E,TfC%KHJ/!<d@[F*_QV#64o6@VfsmCI<#NAIW-_Bldj%ARo7dDe!Pj$Zg3(G@Pc)DeWa'!<<*\"E,^\"$$P@#lDfor.;f6Mt6ZljVBk28dzq!\\7hn8J@8$#O*mATDKnCi]UW!!\"8P!!!$*A7]7hE`-gtz!=3^aFCB9*Df,QJ\"TSo8@s)7!Bk28czE-D9f$>\"'gFAlmaAO158!!!92F(o/r;f?JdA,uZ1#S1ujA7\\&CD/XK;;f?JdA,uZ1\"USXSDe!QX@;TQm7ri$UBlmo/@rGgcCh7[0Df0,/F)58o$P./rBkM-t@;J;R@W,skErc7@!!)N_!\"0TOG%#*$9jr-TEbSru;0?;bFD5i2ATIkP!!!!)!!!!","3148808":"!<d@[F*Odr#64c-E,TfC$31&+!<d@[F*_QV#64o6@VfsmCI<#NAHu^]F`__:EWlSfH#R=*Ecki#Ch52.Ea`HnARmV##BFa)@<?'_z\":8pVF(djWB5D/?b8*>G#BFa)@<?'az#mk*[Ci!ZmFCet_\":K6]E+*I$;flGiAH2]1!!EOFAnH*qFBAMC!!!-,De<U&ATV&T!!!!%#B+3dF(KGsz!!"},"Entities":[],"ReplaceMode":2,"EntranceRotation":-1,"OriginalPos":{"X":506012,"Z":515419,"InternalY":3}}