{"GameVersion":"1.20.0","SizeX":8,"SizeY":7,"SizeZ":7,"BlockCodes":{"9685":"game:planks-rottenebony-ud","16363":"game:attachingplant-spottymold","0":"game:air","9449":"game:attachingplant-mold","16364":"game:attachingplant-sparsemold","6179":"game:rock-granite","3240":"game:stonepath-free","8613":"game:meta-underground","2966":"game:cobblestone-granite","9493":"game:agedstonebricks-granite","8610":"game:groundstorage","8606":"game:clutter","456":"game:chiseledblock","634":"game:lootvessel-ore"},"ItemCodes":{"4690":"game:powder-charcoal","343":"game:bone"},"Indices":[1024,3072,4096,1049600,1051648,1052672,2098176,2099200,2100224,2101248,1,1025,2049,3073,4097,6145,1048577,1049601,1050625,1051649,1052673,1054721,2097153,2098177,2099201,2100225,2101249,2102273,2103297,3148801,3151873,1026,2050,3074,4098,5122,6146,1049602,1050626,1051650,1052674,1053698,1054722,2097154,2098178,2099202,2100226,2101250,2102274,2103298,3146754,3147778,3148802,3149826,3,1027,2051,3075,4099,5123,1048579,1049603,1050627,1051651,1052675,1053699,2097155,2098179,2099203,2100227,2101251,2102275,2103299,3146755,3147779,3148803,3149827,3150851,4196355,4197379,4198403,5245955,6294531,4,1028,2052,3076,4100,5124,1048580,1049604,1050628,1051652,1052676,1053700,2097156,2098180,2099204,2100228,2101252,2102276,3146756,3147780,3148804,3149828,3150852,4197380,2053,3077,5125,1050629,1051653,1053701,2098181,2099205,2100229,2101253,2102277,2103301,3147781,3148805,2054,3078,1050630,1051654,2099206,2100230,2100231],"BlockIds":[6179,6179,6179,6179,6179,6179,3240,8613,2966,8613,6179,6179,6179,6179,6179,6179,6179,6179,6179,6179,6179,6179,3240,9493,9493,2966,9493,9493,3240,8610,8606,6179,6179,6179,6179,6179,6179,6179,6179,6179,6179,6179,6179,2966,2966,2966,2966,2966,2966,8613,8610,8606,456,8606,6179,6179,6179,6179,6179,6179,6179,6179,6179,6179,6179,6179,9493,2966,2966,634,2966,2966,9493,8610,456,9685,456,8610,456,9685,456,456,456,6179,6179,6179,6179,6179,6179,6179,6179,6179,6179,6179,6179,8613,2966,2966,2966,9493,2966,8606,456,456,8606,8610,456,6179,6179,6179,6179,6179,6179,2966,9493,2966,8613,3240,8613,8606,8610,6179,6179,6179,6179,3240,3240,8613],"DecorIndices":[2099201,2101249,2100226,2102274,2099203,3148803,4197379,4197379,4197379,2098180,2099204,2100228,2102276,2099205],"DecorIds":[67125228,67118313,67118313,67125228,67125228,50348011,50348011,16363,16793580,67118313,67125227,67125228,67118313,67125228],"BlockEntities":{"3148801":"!<d@[F*Io\"#64c-E,TfC$31&+!<d@[F*_NU#64o6@VfsmCI<#NAIW9mDfor.F*)>@@:s-S'lml&@;0UnDJ):YEc+9fEaa'(Df,OT!!!-2F*(i2F@:7l@<?4%D?'Y:!!rsGF$b\"iDJ=!$!!*@;Bl[d(Df]\"b\\H`*8#\\IdkAT2R/=UG-/!!*@;Bl[d(Df])qh$3o\\#\\J3jCiF<6=9c;@!!*@;F_,B.Df]%g!!!!\"#\\J3jCiF<6>%l^s!!WaDDK]T/FDl2F!=!ObCi=E:\"98E%\"pK'aDfg%*!AFKS!!!!s&c_n4z!!!<;AoD^\"AQ*\\hEa`Tl:i^JnErZ4NDg#]4EbT&q9OW3bF`[T`!!!<1@Wc^/Bl7P`!toEYF*(Aq@r#%^FCAuVDfp)Azz\":8pVF(djWB5D/6&';Qe$=S$u@:Nt?@:NjKz","3151873":"!<d@[F*Io\"#64c-E,TfC$31&+!<d@[F*_WX#64o6@VfsmCI<#NAHu^]F`__:EWlSfH#R='Ecki#Ch52BDf9/C\":&scFCB9&=9&=$!!EUFATMNNDJ*csgCMCi\":&scFCB9&=o\\O&!!rsADes6$@ru9m!!E[MAT2'lE`7'gFCbFP!!!-,De<U&ATV#S!!!!%#B+3dF(KGrz\":&jWAohO*=o\\O&!!!","3146754":"!<d@[F*Ir##64c-E,TfC$31&+!<d@[F*_HS#64o6@VfsmCI<#NAIW9mDfor.F*)>@@:s-S'lml&@;0UnDJ):YEc+9fEaa'(Df,OT!!!-2F*(i2F@:7l@<?4%D?'Y:!!rsGF$b\"iDJ=!$!!*@;Bl[d(Df]\"c\\H`*8#\\IdkAT2R/=UG-/!!*@;Bl[d(Df])oh$3o\\#\\J3jCiF<6=9lAA!!*@;F_,B.Df]%g!!!!\"#\\J3jCiF<6>%ZRq!!WaDDK]T/FDl2F!=!ObCi=E:\"98E%\"pK'aDfg%*!AXWU!!!!s&c_n4z!!!<;AoD^\"AQ*\\hEa`Tl:i^JnErZLO@Wc^/Bl7P`!toEYF*(Aq@r#%^FCAuVDfp)Azz\":8pVF(djWB5D/6&';Qe$=S$u@:Nt?@:NjKz","3147778":"!<d@[F*Ir##64c-E,TfC$31&+!<d@[F*_KT#64o6@VfsmCI<#NAHu^]F`__:EWlSfH#R='Ecki#Ch52BDf9/B\":&scFCB9&=9&=$!!EUFATMNNDJ*csi9`25\":&scFCB9&=o\\O&!!rsADes6$@ru9m!!E[MAT2'lE`7'gFCbFP!!!-,De<U&ATV#S!!!!%#B+3dF(KGrz\":&jWAohO*=o\\O&!!!","3148802":"!<d@[F*Ir##64c-E,TfC$31&+!<d@[F*_NU#64o6@VfsmCI<#NAIW-_Bldj%ARo7dDe!Pj$Zg3(G@Pc)DeWa'!WW3#q!`b5E;9/-$P@#lDfor.;f6Mt6ZljVBk28czE,Ydb$#O*mATDKnCi]UW!!(Oq!!!B4A7]7hE_0e_\"onW'lTY@Lzzkp-6/lotIMz!=34I@rHBcDfbsZ!!!$*Ec6&.FD5Z2!2'Jq$O:0a@W,skErl=A!!)fg!!r(D!!ipCD/\")jBk1d@DZKh<#RPQdA7\\\\XCh[D\\!!!98F(o/r6#:CVF*(?!Ch[D\\!!!0/@VfsmCJJ;TAH3)S@<Q'nCe\\>[ATDKnCf,=`DKKT7Bk;>dz&-)\\1","3149826":"!<d@[F*Ir##64c-E,TfC$31&+!<d@[F*_QV#64o6@VfsmCI<#NAHu^]F`__:EWlSfH#R='Ecki#Ch52BDf9/C\":&scFCB9&=9&=$!!EUFATMNNDJ*csgCME@\":&scFCB9&=o\\O&!!rsADes6$@ru9m!!E[MAT2'lE`7'gFCbFP!!!-,De<U&ATV#S!!!!%#B+3dF(KGrz\":&jWAohO*=o\\O&!!!","3146755":"!<d@[F*Iu$#64c-E,TfC$31&+!<d@[F*_HS#64o6@VfsmCI<#NAIW9mDfor.F*)>@@:s-S'lml&@;0UnDJ):YEc+9fEaa'(Df,OT!!!-2F*(i2F@:7l@<?4%D?'Y:!!rsGF$b\"iDJ=!$!!*@;Bl[d(Df]\"d\\H`*8#\\IdkAT2R/=UG-/!!*@;Bl[d(Df])oh$3o\\#\\J3jCiF<6=9uGB!!*@;F_,B.Df]%g!!!!\"#\\J3jCiF<6>%ZRq!!WaDDK]T/FDl2F!=!ObCi=E:\"98E%\"pK'aDfg%*!Aa]V!!!\"#!<<*#z!!!<;AoD^\"AQ*\\hEa`Tl:i^JnErZLO@Wc^/Bl7P`!toEYF*(Aq@r#%^FCAuVDfp)Azz\":8pVF(djWB5D/6&';Qe$=S$u@:Nt?@:NjKz","3147779":"!<d@[F*Iu$#64c-E,TfC$31&+!<d@[F*_KT#64o6@VfsmCI<#NAIW-_Bldj%ARo7dDe!Pj$#O*mATDKnCi]UW!!(Oq!!!B4A7]7hE_0e_\"onW'zzzlTY@LlotIMz!=34I@rHBcDfbsZ!!!$*Ec6&.FD5Z2!2'Jq$O:0a@W,skErl=A!!)fo!!r(<!!ipCD/\")jBk1d@DZKh@#RPQdA7\\\\XCh[D\\!!EQ<F(o/r6#:CVF*(?!Ch[D\\!!EH3@VfsmCJJ;TAH3)S@<Q'nCe\\>[ATDKnCf,=`DKKT7Bk;>dz&-)\\1","3149827":"!<d@[F*Iu$#64c-E,TfC$31&+!<d@[F*_QV#64o6@VfsmCI<#NAIW-_Bldj%ARo7dDe!Pj$#O*mATDKnCi]UW!!(Oq!!!B4A7]7hE_0e_\"onW'zlTY@LlTY@LlotIMlotIMz!=34I@rHBcDfbsZ!!!$*Ec6&.FD5Z2!2'Jq$O:0a@W,skEruCB!!)M<!!)fg!/UFM!!ipCD/\")jBk1d@DZKh_#RPQdA7\\\\XCh[D\\!$_a[F(o/r6#:CVF*(?!Ch[D\\!$_XR@VfsmCJJ;TAH3)S@<Q'nCe\\>[ATDKnCf,=`DKKT7Bk;>dz&-)\\1","3150851":"!<d@[F*Iu$#64c-E,TfC$31&+!<d@[F*_TW#64o6@VfsmCI<#NAIW9mDfor.F*)>@@:s-S'lml&@;0UnDJ):YEc+9fEaa'(Df,OT!!!-2F*(i2F@:7l@<?4%D?'Y:!!rsGF$b\"iDJ=!$!!*@;Bl[d(Df]\"d\\H`*8#\\IdkAT2R/=UG-/!!*@;Bl[d(Df])sh$3o\\#\\J3jCiF<6=9uGB!!*@;F_,B.Df]%g!!!!\"#\\J3jCiF<6>&)ju!!WaDDK]T/FDl2F!=!ObCi=E:\"98E%\"pK'aDfg%*!Aa]V!!!!s&c_n4z!!!<;AoD^\"AQ*\\hEa`Tl:i^JnErZLO@Wc^/Bl7P`!toEYF*(Aq@r#%^FCAuVDfp)Azz\":8pVF(djWB5D,Z!!!!\"$=S$u@:Nt?@:NjKz","4196355":"!<d@[F*Iu$#64c-E,TfC$NL/,!<d@[F*_KT#64o6@VfsmCI<#NAIW-_Bldj%ARo7dDe!Pj$Zg3(G@Pc)DeWa'!WW3#q\"XjhE-V*W$P@#lDfor.;f6Mt6ZljVBk28czn8J@8$#O*mATDKnCi]UW!!(Oq!!!B4A7]7hE_0e_\"onW'lotIMlotIMzzlotIMz!=34I@rHBcDfbsZ!!!$*Ec6&.FD5Z2!2'Jq$O:0a@W,skErl=A!!)fg!/UFM!!ipCD/\")jBk1d@DZKh<#RPQdA7\\\\XCh[D\\!!!98F(o/r6#:CVF*(?!Ch[D\\!!!0/@VfsmCJJ;TAH3)S@<Q'nCe\\>[ATDKnCf,=`DKKT7Bk;>dz&-)\\1","4198403":"!<d@[F*Iu$#64c-E,TfC$NL/,!<d@[F*_QV#64o6@VfsmCI<#NAIW-_Bldj%ARo7dDe!Pj$Zg3(G@Pc)DeWa'!WW3#q!`b5E,^\"$$P@#lDfor.;f6Mt6ZljVBk28czq!\\7k$#O*mATDKnCi]UW!!(Oq!!!B4A7]7hE_0e_\"onW'zkp-6/lTY@LlotIMlotIMz!=34I@rHBcDfbsZ!!!$*Ec6&.FD5Z2!2'Jq$O:0a@W,skErl=A!!)M4!/U,o!!ipCD/\")jBk1d@DZKh<#RPQdA7\\\\XCh[D\\!!!98F(o/r6#:CVF*(?!Ch[D\\!!!0/@VfsmCJJ;TAH3)S@<Q'nCe\\>[ATDKnCf,=`DKKT7Bk;>dz&-)\\1","5245955":"!<d@[F*Iu$#64c-E,TfC$ig8-!<d@[F*_NU#64o6@VfsmCI<#NAIW-_Bldj%ARo7dDe!Pj$#O*mATDKnCi]UW!!(Oq!!!B4A7]7hE_0e_\"onW'kp-6/lotIMkp-6/lTY@LlotIMz!=34I@rHBcDfbsZ!!!$*Ec6&.FD5Z2!2'Jq$O:0a@W,skEruCB!!)N_!.]$<!/UFM!!ipCD/\")jBk1d@DZKh\\#RPQdA7\\\\XCh[D\\!$DOXF(o/r6#:CVF*(?!Ch[D\\!$DFO@VfsmCJJ;TAH3)S@<Q'nCe\\>[ATDKnCf,=`DKKT7Bk;>dz&-)\\1","6294531":"!<d@[F*Iu$#64c-E,TfC%0-A.!<d@[F*_NU#64o6@VfsmCI<#NAIW-_Bldj%ARo7dDe!Pj$Zg3(G@Pc)DeWa'!WW3#n8NjWGkh\"5$P@#lDfor.;f6Mt6ZljVBk28dzGjk\\=n8J@8$#O*mATDKnCi]UW!!(Oq!!!B4A7]7hE_0e_\"onW'lotIMlotIMlotIMlTY@LlotIMz!=34I@rHBcDfbsZ!!!$*Ec6&.FD5Z2!2'Jq$O:0a@W,skErl=A!!$tf!!rAo!!ipCD/\")jBk1d@DZKh<#RPQdA7\\\\XCh[D\\!!!98F(o/r6#:CVF*(?!Ch[D\\!!!0/@VfsmCJJ;TAH3)S@<Q'nCe\\>[ATDKnCf,=`DKKT7Bk;>dz&-)\\1","3146756":"!<d@[F*J#%#64c-E,TfC$31&+!<d@[F*_HS#64o6@VfsmCI<#NAHu^]F`__:EWlSfH#R=(FCAWpATTM@ATV?s0a%`%DffE0AQSp4!!!-.D.Rd%6#L=OA^XNS56M43DffE0AQf'6!!!<3@rH1\"ARfgnA,l`?Eb02uBl[-o@<?&\\!!!!%#B+3dF(KGqz\":&jWAohO*=TAF%!!EOFAnH*qFBSYE!!!09Dg#]4EbT&q<+U;rF`M%\\De*Db@rHC.De*Ei!!","3147780":"!<d@[F*J#%#64c-E,TfC$31&+!<d@[F*_KT#64o6@VfsmCI<#NAIW-_Bldj%ARo7dDe!Pj$Zg3(G@Pc)DeWa'!WW3#n8SC-Gkh\"5$P@#lDfor.;f6Mt6ZljVBk28c!!!!)n8J@8$#O*mATDKnCi]UW!!(Oq!!!B4A7]7hE_0e_\"onW'lTY@Lzkp-6/lotIMkp-6/z!=34I@rHBcDfbsZ!!!$*Ec6&.FD5Z2!2'Jq$O:0a@W,skErl=A!!%!<!!rAo!!ipCD/\")jBk1d@DZKhD#RPQdA7\\\\XCh[D\\!!ii@F(o/r6#:CVF*(?!Ch[D\\!!i`7@VfsmCJJ;TAH3)S@<Q'nCe\\>[ATDKnCf,=`DKKT7Bk;>dz&-)\\1","3148804":"!<d@[F*J#%#64c-E,TfC$31&+!<d@[F*_NU#64o6@VfsmCI<#NAIW-_Bldj%ARo7dDe!Pj$#O*mATDKnCi]UW!!(Oq!!!B4A7]7hE_0e_\"onW'zlTY@Lzzzz!=34I@rHBcDfbsZ!!!$*Ec6&.FD5Z2!2'Jq$O:0a@W,skErl=A!!)M4!!%9D!!ipCD/\")jBk1d@DZKh<#RPQdA7\\\\XCh[D\\!!!98F(o/r6#:CVF*(?!Ch[D\\!!!0/@VfsmCJJ;TAH3)S@<Q'nCe\\>[ATDKnCf,=`DKKT7Bk;>dz&-)\\1","3149828":"!<d@[F*J#%#64c-E,TfC$31&+!<d@[F*_QV#64o6@VfsmCI<#NAHu^]F`__:EWlSfH#R='Ecki#Ch52BDf9/@\":&scFCB9&=9&=$!!EUFATMNNDJ*csgCMCj\":&scFCB9&=o\\O&!!rsADes6$@ru9m!!E[MAT2'lE`7'gFCbFP!!!-,De<U&ATV#S!!!!%#B+3dF(KGrz\":&jWAohO*=o\\O&!!!","3150852":"!<d@[F*J#%#64c-E,TfC$31&+!<d@[F*_TW#64o6@VfsmCI<#NAIW9mDfor.F*)>@@:s-S'lml&@;0UnDJ):YEc+9fEaa'(Df,OT!!!-2F*(i2F@:7l@<?4%D?'Y:!!rsGF$b\"iDJ=!$!!*@;Bl[d(Df]\"e\\H`*8#\\IdkAT2R/=UG-/!!*@;Bl[d(Df])sh$3o\\#\\J3jCiF<6=:)MC!!*@;F_,B.Df]%g!!!!\"#\\J3jCiF<6>&)ju!!WaDDK]T/FDl2F!=!ObCi=E:\"98E%\"pK'aDfg%*!AXWU!!!\"#!<<*#z!!!<;AoD^\"AQ*\\hEa`Tl:i^JnErZLO@Wc^/Bl7P`!toEYF*(Aq@r#%^FCAuVDfp)Azz\":8pVF(djWB5D/6&'7$:$=S$u@:Nt?@:NjKz","4197380":"!<d@[F*J#%#64c-E,TfC$NL/,!<d@[F*_NU#64o6@VfsmCI<#NAIW-_Bldj%ARo7dDe!Pj$Zg3(G@Pc)DeWa'!<<*\"E-V*W$P@#lDfor.;f6Mt6ZljVBk28dzn8J@5q!\\7k$#O*mATDKnCi]UW!!(Oq!!!B4A7]7hE_0e_\"onW'zzlTY@Lzzz!=34I@rHBcDfbsZ!!!$*Ec6&.FD5Z2!2'Jq$O:0a@W,skErc7@!!%9<!!ipCD/\")jBk1d@DZKh<#RPQdA7\\\\XCh[D\\!!!98F(o/r6#:CVF*(?!Ch[D\\!!!0/@VfsmCJJ;TAH3)S@<Q'nCe\\>[ATDKnCf,=`DKKT7Bk;>dz&-)\\1","3147781":"!<d@[F*J&&#64c-E,TfC$31&+!<d@[F*_KT#64o6@VfsmCI<#NAHu^]F`__:EWlSfH#R='Ecki#Ch52BDf9/@\":&scFCB9&=9&=$!!EUFATMNNDJ*csgCMCi\":&scFCB9&=o\\O&!!rsADes6$@ru9m!!E[MAT2'lE`7'gFCbFP!!!-,De<U&ATV#S!!!!%#B+3dF(KGrz\":&jWAohO*=o\\O&!!!","3148805":"!<d@[F*J&&#64c-E,TfC$31&+!<d@[F*_NU#64o6@VfsmCI<#NAIW9mDfor.F*)>@@:s-S'lml&@;0UnDJ):YEc+9fEaa'(Df,OT!!!-2F*(i2F@:7l@<?4%D?'Y:!!rsGF$b\"iDJ=!$!!*@;Bl[d(Df]\"f\\H`*8#\\IdkAT2R/=UG-/!!*@;Bl[d(Df])qh$3o\\#\\J3jCiF<6=:2SD!!*@;F_,B.Df]%g!!!!\"#\\J3jCiF<6>%l^s!!WaDDK]T/FDl2F!=!ObCi=E:\"98E%\"pK'aDfg%*!AFKS!!!\"#!<<*#z!!!<;AoD^\"AQ*\\hEa`Tl:i^JnErZLO@Wc^/Bl7P`!toEYF*(Aq@r#%^FCAuVDfp)Azz\":8pVF(djWB5D,Z!!!!\"$=S$u@:Nt?@:NjKz"},"Entities":[],"ReplaceMode":2,"EntranceRotation":-1,"OriginalPos":{"X":506105,"Z":515419,"InternalY":3}}