{
	"editor": {
		"collapsedPaths": "Root/VerticalS,Root/StrainerBandBottom,Root/Vertical5,Root/VerticalE,Root/VerticalW,Root/StrainerStake10W3,Root/LegWLower,Root/VerticalN,Root/Vertical1",
		"allAngles": false,
		"entityTextureMode": false
	},
	"textureWidth": 16,
	"textureHeight": 16,
	"textureSizes": {
	},
	"textures": {
		"steel": "block/metal/steel",
		"item-paper-blank": "block/wood/item-paper-blank",
		"baldcypress": "block/wood/whiteoak"
	},
	"elements": [
		{
			"name": "Roof1",
			"from": [ -2.0, 24.0, 0.0 ],
			"to": [ 10.0, 25.5, 16.0 ],
			"rotationOrigin": [ -2.0, 24.0, 0.0 ],
			"rotationZ": 22.5,
			"faces": {
				"north": { "texture": "#baldcypress", "uv": [ 0.0, 0.0, 12.0, 1.5 ] },
				"east": { "texture": "#baldcypress", "uv": [ 0.0, 0.0, 16.0, 1.5 ] },
				"south": { "texture": "#baldcypress", "uv": [ 0.0, 0.0, 12.0, 1.5 ] },
				"west": { "texture": "#baldcypress", "uv": [ 0.5, 0.0, 15.5, 16.0 ], "autoUv": false },
				"up": { "texture": "#baldcypress", "uv": [ 4.0, 0.0, 16.0, 16.0 ] },
				"down": { "texture": "#baldcypress", "uv": [ 0.0, 0.0, 12.0, 16.0 ] }
			},
			"children": [
				{
					"name": "Roof3",
					"from": [ 9.9829, 0.844, 0.0 ],
					"to": [ 21.9829, 2.344, 16.0 ],
					"rotationOrigin": [ 9.9829, 0.844, 0.0 ],
					"rotationZ": -45.0,
					"faces": {
						"north": { "texture": "#baldcypress", "uv": [ 0.0, 0.0, 12.0, 1.5 ], "autoUv": false },
						"east": { "texture": "#baldcypress", "uv": [ 0.0, 0.0, 16.0, 1.5 ] },
						"south": { "texture": "#baldcypress", "uv": [ 0.0, 0.0, 12.0, 1.5 ] },
						"west": { "texture": "#baldcypress", "uv": [ 0.5, 0.0, 15.5, 16.0 ], "autoUv": false },
						"up": { "texture": "#baldcypress", "uv": [ 4.0, 0.0, 16.0, 16.0 ] },
						"down": { "texture": "#baldcypress", "uv": [ 0.0, 0.0, 12.0, 16.0 ] }
					}
				}
			]
		},
		{
			"name": "VerticalS",
			"from": [ 0.7, 13.0, 12.45 ],
			"to": [ 3.2, 26.5, 14.95 ],
			"rotationOrigin": [ 0.9, 13.0, 12.55 ],
			"faces": {
				"north": { "texture": "#baldcypress", "uv": [ 10.5, 3.5, 11.5, 12.5 ], "autoUv": false },
				"east": { "texture": "#baldcypress", "uv": [ 8.0, 0.5, 10.0, 9.5 ], "autoUv": false },
				"south": { "texture": "#baldcypress", "uv": [ 1.5, 5.5, 2.5, 14.5 ], "autoUv": false },
				"west": { "texture": "#baldcypress", "uv": [ 9.0, 2.0, 11.0, 11.0 ], "autoUv": false },
				"up": { "texture": "#baldcypress", "uv": [ 5.0, 8.0, 6.0, 10.0 ], "autoUv": false }
			},
			"children": [
				{
					"name": "LouverS1",
					"from": [ 12.75, 0.0, 1.5 ],
					"to": [ 15.75, 11.0, 2.5 ],
					"rotationOrigin": [ 12.75, 0.0, 1.5 ],
					"rotationX": -45.0,
					"rotationZ": 90.0,
					"faces": {
						"north": { "texture": "#baldcypress", "uv": [ 4.0, 2.0, 6.0, 11.0 ], "autoUv": false },
						"east": { "texture": "#baldcypress", "uv": [ 12.5, 1.5, 13.5, 10.5 ], "autoUv": false },
						"south": { "texture": "#baldcypress", "uv": [ 3.0, 0.5, 5.0, 9.5 ], "autoUv": false },
						"west": { "texture": "#baldcypress", "uv": [ 9.0, 3.0, 10.0, 12.0 ], "autoUv": false },
						"up": { "texture": "#baldcypress", "uv": [ 4.5, 0.5, 6.5, 1.5 ], "autoUv": false }
					}
				},
				{
					"name": "LouverS2",
					"from": [ 12.75, 2.0, 1.5 ],
					"to": [ 15.75, 13.0, 2.5 ],
					"rotationOrigin": [ 12.75, 2.0, 1.5 ],
					"rotationX": -45.0,
					"rotationZ": 90.0,
					"faces": {
						"north": { "texture": "#baldcypress", "uv": [ 4.0, 2.0, 6.0, 11.0 ], "autoUv": false },
						"east": { "texture": "#baldcypress", "uv": [ 12.5, 1.5, 13.5, 10.5 ], "autoUv": false },
						"south": { "texture": "#baldcypress", "uv": [ 3.0, 0.5, 5.0, 9.5 ], "autoUv": false },
						"west": { "texture": "#baldcypress", "uv": [ 9.0, 3.0, 10.0, 12.0 ], "autoUv": false },
						"up": { "texture": "#baldcypress", "uv": [ 4.5, 0.5, 6.5, 1.5 ], "autoUv": false }
					}
				},
				{
					"name": "LouverS3",
					"from": [ 12.75, 4.0, 1.5 ],
					"to": [ 15.75, 15.0, 2.5 ],
					"rotationOrigin": [ 12.75, 4.0, 1.5 ],
					"rotationX": -45.0,
					"rotationZ": 90.0,
					"faces": {
						"north": { "texture": "#baldcypress", "uv": [ 4.0, 2.0, 6.0, 11.0 ], "autoUv": false },
						"east": { "texture": "#baldcypress", "uv": [ 12.5, 1.5, 13.5, 10.5 ], "autoUv": false },
						"south": { "texture": "#baldcypress", "uv": [ 3.0, 0.5, 5.0, 9.5 ], "autoUv": false },
						"west": { "texture": "#baldcypress", "uv": [ 9.0, 3.0, 10.0, 12.0 ], "autoUv": false },
						"up": { "texture": "#baldcypress", "uv": [ 4.5, 0.5, 6.5, 1.5 ], "autoUv": false }
					}
				},
				{
					"name": "LouverS4",
					"from": [ 12.75, 6.0, 1.5 ],
					"to": [ 15.75, 17.0, 2.5 ],
					"rotationOrigin": [ 12.75, 6.0, 1.5 ],
					"rotationX": -45.0,
					"rotationZ": 90.0,
					"faces": {
						"north": { "texture": "#baldcypress", "uv": [ 4.0, 2.0, 6.0, 11.0 ], "autoUv": false },
						"east": { "texture": "#baldcypress", "uv": [ 12.5, 1.5, 13.5, 10.5 ], "autoUv": false },
						"south": { "texture": "#baldcypress", "uv": [ 3.0, 0.5, 5.0, 9.5 ], "autoUv": false },
						"west": { "texture": "#baldcypress", "uv": [ 9.0, 3.0, 10.0, 12.0 ], "autoUv": false },
						"up": { "texture": "#baldcypress", "uv": [ 4.5, 0.5, 6.5, 1.5 ], "autoUv": false }
					}
				},
				{
					"name": "LouverS5",
					"from": [ 12.75, 8.0, 1.5 ],
					"to": [ 15.75, 19.0, 2.5 ],
					"rotationOrigin": [ 12.75, 8.0, 1.5 ],
					"rotationX": -45.0,
					"rotationZ": 90.0,
					"faces": {
						"north": { "texture": "#baldcypress", "uv": [ 4.0, 2.0, 6.0, 11.0 ], "autoUv": false },
						"east": { "texture": "#baldcypress", "uv": [ 12.5, 1.5, 13.5, 10.5 ], "autoUv": false },
						"south": { "texture": "#baldcypress", "uv": [ 3.0, 0.5, 5.0, 9.5 ], "autoUv": false },
						"west": { "texture": "#baldcypress", "uv": [ 9.0, 3.0, 10.0, 12.0 ], "autoUv": false },
						"up": { "texture": "#baldcypress", "uv": [ 4.5, 0.5, 6.5, 1.5 ], "autoUv": false }
					}
				},
				{
					"name": "LouverS6",
					"from": [ 12.75, 10.0, 1.5 ],
					"to": [ 15.75, 21.0, 2.5 ],
					"rotationOrigin": [ 12.75, 10.0, 1.5 ],
					"rotationX": -45.0,
					"rotationZ": 90.0,
					"faces": {
						"north": { "texture": "#baldcypress", "uv": [ 4.0, 2.0, 6.0, 11.0 ], "autoUv": false },
						"east": { "texture": "#baldcypress", "uv": [ 12.5, 1.5, 13.5, 10.5 ], "autoUv": false },
						"south": { "texture": "#baldcypress", "uv": [ 3.0, 0.5, 5.0, 9.5 ], "autoUv": false },
						"west": { "texture": "#baldcypress", "uv": [ 9.0, 3.0, 10.0, 12.0 ], "autoUv": false },
						"up": { "texture": "#baldcypress", "uv": [ 4.5, 0.5, 6.5, 1.5 ], "autoUv": false }
					}
				},
				{
					"name": "WallUpperS",
					"from": [ 12.1, 12.0, 1.5 ],
					"to": [ 14.1, 21.6, 2.5 ],
					"rotationOrigin": [ 12.1, 12.0, 1.5 ],
					"rotationZ": 90.0,
					"faces": {
						"north": { "texture": "#baldcypress", "uv": [ 4.0, 2.0, 6.0, 11.0 ], "autoUv": false },
						"east": { "texture": "#baldcypress", "uv": [ 12.5, 1.5, 13.5, 10.5 ], "autoUv": false },
						"south": { "texture": "#baldcypress", "uv": [ 3.0, 0.5, 5.0, 9.5 ], "autoUv": false },
						"west": { "texture": "#baldcypress", "uv": [ 9.0, 3.0, 10.0, 12.0 ], "autoUv": false },
						"up": { "texture": "#baldcypress", "uv": [ 4.5, 0.5, 6.5, 1.5 ], "autoUv": false }
					}
				},
				{
					"name": "WallLowerS",
					"from": [ 12.1, -0.5, 1.5 ],
					"to": [ 14.1, 9.1, 2.5 ],
					"rotationOrigin": [ 12.1, -0.5, 1.5 ],
					"rotationZ": 90.0,
					"faces": {
						"north": { "texture": "#baldcypress", "uv": [ 4.0, 2.0, 6.0, 11.0 ], "autoUv": false },
						"east": { "texture": "#baldcypress", "uv": [ 12.5, 1.5, 13.5, 10.5 ], "autoUv": false },
						"south": { "texture": "#baldcypress", "uv": [ 3.0, 0.5, 5.0, 9.5 ], "autoUv": false },
						"west": { "texture": "#baldcypress", "uv": [ 9.0, 3.0, 10.0, 12.0 ], "autoUv": false },
						"up": { "texture": "#baldcypress", "uv": [ 4.5, 0.5, 6.5, 1.5 ], "autoUv": false }
					}
				}
			]
		},
		{
			"name": "LegSE",
			"from": [ 13.0, 0.0, 13.0 ],
			"to": [ 15.0, 11.0, 15.0 ],
			"rotationOrigin": [ 13.0, 0.0, 13.0 ],
			"faces": {
				"north": { "texture": "#baldcypress", "uv": [ 1.0, 0.0, 3.0, 11.0 ] },
				"east": { "texture": "#baldcypress", "uv": [ 1.0, 0.0, 3.0, 11.0 ] },
				"south": { "texture": "#baldcypress", "uv": [ 7.0, 0.0, 9.0, 11.0 ] },
				"west": { "texture": "#baldcypress", "uv": [ 2.0, 0.0, 4.0, 11.0 ] },
				"up": { "texture": "#baldcypress", "uv": [ 0.0, 9.0, 2.0, 11.0 ] },
				"down": { "texture": "#baldcypress", "uv": [ 13.5, 0.5, 15.5, 2.5 ] }
			}
		},
		{
			"name": "LegNE",
			"from": [ 13.0, 0.0, 1.0 ],
			"to": [ 15.0, 11.0, 3.0 ],
			"rotationOrigin": [ 13.0, 0.0, 1.0 ],
			"faces": {
				"north": { "texture": "#baldcypress", "uv": [ 1.0, 0.0, 3.0, 11.0 ] },
				"east": { "texture": "#baldcypress", "uv": [ 1.0, 0.0, 3.0, 11.0 ] },
				"south": { "texture": "#baldcypress", "uv": [ 7.0, 0.0, 9.0, 11.0 ] },
				"west": { "texture": "#baldcypress", "uv": [ 2.0, 0.0, 4.0, 11.0 ] },
				"up": { "texture": "#baldcypress", "uv": [ 0.0, 9.0, 2.0, 11.0 ] },
				"down": { "texture": "#baldcypress", "uv": [ 13.5, 0.5, 15.5, 2.5 ] }
			}
		},
		{
			"name": "LegSW",
			"from": [ 1.0, 0.0, 13.0 ],
			"to": [ 3.0, 11.0, 15.0 ],
			"rotationOrigin": [ 1.0, 0.0, 13.0 ],
			"faces": {
				"north": { "texture": "#baldcypress", "uv": [ 1.0, 0.0, 3.0, 11.0 ] },
				"east": { "texture": "#baldcypress", "uv": [ 1.0, 0.0, 3.0, 11.0 ] },
				"south": { "texture": "#baldcypress", "uv": [ 7.0, 0.0, 9.0, 11.0 ] },
				"west": { "texture": "#baldcypress", "uv": [ 2.0, 0.0, 4.0, 11.0 ] },
				"up": { "texture": "#baldcypress", "uv": [ 0.0, 9.0, 2.0, 11.0 ] },
				"down": { "texture": "#baldcypress", "uv": [ 13.5, 0.5, 15.5, 2.5 ] }
			}
		},
		{
			"name": "LegNW",
			"from": [ 1.0, 0.0, 1.0 ],
			"to": [ 3.0, 11.0, 3.0 ],
			"rotationOrigin": [ 1.0, 0.0, 1.0 ],
			"faces": {
				"north": { "texture": "#baldcypress", "uv": [ 1.0, 0.0, 3.0, 11.0 ] },
				"east": { "texture": "#baldcypress", "uv": [ 1.0, 0.0, 3.0, 11.0 ] },
				"south": { "texture": "#baldcypress", "uv": [ 7.0, 0.0, 9.0, 11.0 ] },
				"west": { "texture": "#baldcypress", "uv": [ 2.0, 0.0, 4.0, 11.0 ] },
				"up": { "texture": "#baldcypress", "uv": [ 0.0, 9.0, 2.0, 11.0 ] },
				"down": { "texture": "#baldcypress", "uv": [ 13.5, 0.5, 15.5, 2.5 ] }
			}
		},
		{
			"name": "VerticalE",
			"from": [ 12.8, 13.0, 14.95 ],
			"to": [ 15.3, 26.5, 17.45 ],
			"rotationOrigin": [ 12.8, 13.0, 14.95 ],
			"rotationY": 90.0,
			"faces": {
				"north": { "texture": "#baldcypress", "uv": [ 10.5, 3.5, 11.5, 12.5 ], "autoUv": false },
				"east": { "texture": "#baldcypress", "uv": [ 8.0, 0.5, 10.0, 9.5 ], "autoUv": false },
				"south": { "texture": "#baldcypress", "uv": [ 1.5, 5.5, 2.5, 14.5 ], "autoUv": false },
				"west": { "texture": "#baldcypress", "uv": [ 9.0, 2.0, 11.0, 11.0 ], "autoUv": false },
				"up": { "texture": "#baldcypress", "uv": [ 5.0, 8.0, 6.0, 10.0 ], "autoUv": false }
			},
			"children": [
				{
					"name": "LouverS9",
					"from": [ 11.75, 0.0, 1.5 ],
					"to": [ 14.75, 10.0, 2.5 ],
					"rotationOrigin": [ 11.75, 0.0, 1.5 ],
					"rotationX": -45.0,
					"rotationZ": 90.0,
					"faces": {
						"north": { "texture": "#baldcypress", "uv": [ 4.0, 2.0, 6.0, 11.0 ], "autoUv": false },
						"east": { "texture": "#baldcypress", "uv": [ 12.5, 1.5, 13.5, 10.5 ], "autoUv": false },
						"south": { "texture": "#baldcypress", "uv": [ 3.0, 0.5, 5.0, 9.5 ], "autoUv": false },
						"west": { "texture": "#baldcypress", "uv": [ 9.0, 3.0, 10.0, 12.0 ], "autoUv": false },
						"up": { "texture": "#baldcypress", "uv": [ 4.5, 0.5, 6.5, 1.5 ], "autoUv": false }
					}
				},
				{
					"name": "WallUpperE",
					"from": [ 11.4, 11.5, 1.5 ],
					"to": [ 13.4, 20.4, 2.5 ],
					"rotationOrigin": [ 11.4, 11.5, 1.5 ],
					"rotationZ": 90.0,
					"faces": {
						"north": { "texture": "#baldcypress", "uv": [ 4.0, 2.0, 6.0, 11.0 ], "autoUv": false },
						"east": { "texture": "#baldcypress", "uv": [ 12.5, 1.5, 13.5, 10.5 ], "autoUv": false },
						"south": { "texture": "#baldcypress", "uv": [ 3.0, 0.5, 5.0, 9.5 ], "autoUv": false },
						"west": { "texture": "#baldcypress", "uv": [ 9.0, 3.0, 10.0, 12.0 ], "autoUv": false },
						"up": { "texture": "#baldcypress", "uv": [ 4.5, 0.5, 6.5, 1.5 ], "autoUv": false }
					}
				},
				{
					"name": "WallLowerE",
					"from": [ 11.4, -0.5, 1.5 ],
					"to": [ 13.4, 8.4, 2.5 ],
					"rotationOrigin": [ 11.4, -0.5, 1.5 ],
					"rotationZ": 90.0,
					"faces": {
						"north": { "texture": "#baldcypress", "uv": [ 4.0, 2.0, 6.0, 11.0 ], "autoUv": false },
						"east": { "texture": "#baldcypress", "uv": [ 12.5, 1.5, 13.5, 10.5 ], "autoUv": false },
						"south": { "texture": "#baldcypress", "uv": [ 3.0, 0.5, 5.0, 9.5 ], "autoUv": false },
						"west": { "texture": "#baldcypress", "uv": [ 9.0, 3.0, 10.0, 12.0 ], "autoUv": false },
						"up": { "texture": "#baldcypress", "uv": [ 4.5, 0.5, 6.5, 1.5 ], "autoUv": false }
					}
				},
				{
					"name": "LouverS10",
					"from": [ 11.75, 2.0, 1.5 ],
					"to": [ 14.75, 12.0, 2.5 ],
					"rotationOrigin": [ 11.75, 2.0, 1.5 ],
					"rotationX": -45.0,
					"rotationZ": 90.0,
					"faces": {
						"north": { "texture": "#baldcypress", "uv": [ 4.0, 2.0, 6.0, 11.0 ], "autoUv": false },
						"east": { "texture": "#baldcypress", "uv": [ 12.5, 1.5, 13.5, 10.5 ], "autoUv": false },
						"south": { "texture": "#baldcypress", "uv": [ 3.0, 0.5, 5.0, 9.5 ], "autoUv": false },
						"west": { "texture": "#baldcypress", "uv": [ 9.0, 3.0, 10.0, 12.0 ], "autoUv": false },
						"up": { "texture": "#baldcypress", "uv": [ 4.5, 0.5, 6.5, 1.5 ], "autoUv": false }
					}
				},
				{
					"name": "LouverS11",
					"from": [ 11.75, 4.0, 1.5 ],
					"to": [ 14.75, 14.0, 2.5 ],
					"rotationOrigin": [ 11.75, 4.0, 1.5 ],
					"rotationX": -45.0,
					"rotationZ": 90.0,
					"faces": {
						"north": { "texture": "#baldcypress", "uv": [ 4.0, 2.0, 6.0, 11.0 ], "autoUv": false },
						"east": { "texture": "#baldcypress", "uv": [ 12.5, 1.5, 13.5, 10.5 ], "autoUv": false },
						"south": { "texture": "#baldcypress", "uv": [ 3.0, 0.5, 5.0, 9.5 ], "autoUv": false },
						"west": { "texture": "#baldcypress", "uv": [ 9.0, 3.0, 10.0, 12.0 ], "autoUv": false },
						"up": { "texture": "#baldcypress", "uv": [ 4.5, 0.5, 6.5, 1.5 ], "autoUv": false }
					}
				},
				{
					"name": "LouverS12",
					"from": [ 11.75, 6.0, 1.5 ],
					"to": [ 14.75, 16.0, 2.5 ],
					"rotationOrigin": [ 11.75, 6.0, 1.5 ],
					"rotationX": -45.0,
					"rotationZ": 90.0,
					"faces": {
						"north": { "texture": "#baldcypress", "uv": [ 4.0, 2.0, 6.0, 11.0 ], "autoUv": false },
						"east": { "texture": "#baldcypress", "uv": [ 12.5, 1.5, 13.5, 10.5 ], "autoUv": false },
						"south": { "texture": "#baldcypress", "uv": [ 3.0, 0.5, 5.0, 9.5 ], "autoUv": false },
						"west": { "texture": "#baldcypress", "uv": [ 9.0, 3.0, 10.0, 12.0 ], "autoUv": false },
						"up": { "texture": "#baldcypress", "uv": [ 4.5, 0.5, 6.5, 1.5 ], "autoUv": false }
					}
				},
				{
					"name": "LouverS13",
					"from": [ 11.75, 8.0, 1.5 ],
					"to": [ 14.75, 18.0, 2.5 ],
					"rotationOrigin": [ 11.75, 8.0, 1.5 ],
					"rotationX": -45.0,
					"rotationZ": 90.0,
					"faces": {
						"north": { "texture": "#baldcypress", "uv": [ 4.0, 2.0, 6.0, 11.0 ], "autoUv": false },
						"east": { "texture": "#baldcypress", "uv": [ 12.5, 1.5, 13.5, 10.5 ], "autoUv": false },
						"south": { "texture": "#baldcypress", "uv": [ 3.0, 0.5, 5.0, 9.5 ], "autoUv": false },
						"west": { "texture": "#baldcypress", "uv": [ 9.0, 3.0, 10.0, 12.0 ], "autoUv": false },
						"up": { "texture": "#baldcypress", "uv": [ 4.5, 0.5, 6.5, 1.5 ], "autoUv": false }
					}
				},
				{
					"name": "LouverS14",
					"from": [ 11.75, 10.0, 1.5 ],
					"to": [ 14.75, 20.0, 2.5 ],
					"rotationOrigin": [ 11.75, 10.0, 1.5 ],
					"rotationX": -45.0,
					"rotationZ": 90.0,
					"faces": {
						"north": { "texture": "#baldcypress", "uv": [ 4.0, 2.0, 6.0, 11.0 ], "autoUv": false },
						"east": { "texture": "#baldcypress", "uv": [ 12.5, 1.5, 13.5, 10.5 ], "autoUv": false },
						"south": { "texture": "#baldcypress", "uv": [ 3.0, 0.5, 5.0, 9.5 ], "autoUv": false },
						"west": { "texture": "#baldcypress", "uv": [ 9.0, 3.0, 10.0, 12.0 ], "autoUv": false },
						"up": { "texture": "#baldcypress", "uv": [ 4.5, 0.5, 6.5, 1.5 ], "autoUv": false }
					}
				}
			]
		},
		{
			"name": "VerticalN",
			"from": [ 15.3, 13.0, 3.55 ],
			"to": [ 17.8, 26.5, 6.05 ],
			"rotationOrigin": [ 15.3, 13.0, 3.55 ],
			"rotationY": 180.0,
			"faces": {
				"north": { "texture": "#baldcypress", "uv": [ 10.5, 3.5, 11.5, 12.5 ], "autoUv": false },
				"east": { "texture": "#baldcypress", "uv": [ 8.0, 0.5, 10.0, 9.5 ], "autoUv": false },
				"south": { "texture": "#baldcypress", "uv": [ 1.5, 5.5, 2.5, 14.5 ], "autoUv": false },
				"west": { "texture": "#baldcypress", "uv": [ 9.0, 2.0, 11.0, 11.0 ], "autoUv": false },
				"up": { "texture": "#baldcypress", "uv": [ 5.0, 8.0, 6.0, 10.0 ], "autoUv": false }
			},
			"children": [
				{
					"name": "LouverS17",
					"from": [ 12.75, 0.0, 1.5 ],
					"to": [ 15.75, 11.0, 2.5 ],
					"rotationOrigin": [ 12.75, 0.0, 1.5 ],
					"rotationX": -45.0,
					"rotationZ": 90.0,
					"faces": {
						"north": { "texture": "#baldcypress", "uv": [ 4.0, 2.0, 6.0, 11.0 ], "autoUv": false },
						"east": { "texture": "#baldcypress", "uv": [ 12.5, 1.5, 13.5, 10.5 ], "autoUv": false },
						"south": { "texture": "#baldcypress", "uv": [ 3.0, 0.5, 5.0, 9.5 ], "autoUv": false },
						"west": { "texture": "#baldcypress", "uv": [ 9.0, 3.0, 10.0, 12.0 ], "autoUv": false },
						"up": { "texture": "#baldcypress", "uv": [ 4.5, 0.5, 6.5, 1.5 ], "autoUv": false }
					}
				},
				{
					"name": "LouverS18",
					"from": [ 12.75, 2.0, 1.5 ],
					"to": [ 15.75, 13.0, 2.5 ],
					"rotationOrigin": [ 12.75, 2.0, 1.5 ],
					"rotationX": -45.0,
					"rotationZ": 90.0,
					"faces": {
						"north": { "texture": "#baldcypress", "uv": [ 4.0, 2.0, 6.0, 11.0 ], "autoUv": false },
						"east": { "texture": "#baldcypress", "uv": [ 12.5, 1.5, 13.5, 10.5 ], "autoUv": false },
						"south": { "texture": "#baldcypress", "uv": [ 3.0, 0.5, 5.0, 9.5 ], "autoUv": false },
						"west": { "texture": "#baldcypress", "uv": [ 9.0, 3.0, 10.0, 12.0 ], "autoUv": false },
						"up": { "texture": "#baldcypress", "uv": [ 4.5, 0.5, 6.5, 1.5 ], "autoUv": false }
					}
				},
				{
					"name": "LouverS19",
					"from": [ 12.75, 4.0, 1.5 ],
					"to": [ 15.75, 15.0, 2.5 ],
					"rotationOrigin": [ 12.75, 4.0, 1.5 ],
					"rotationX": -45.0,
					"rotationZ": 90.0,
					"faces": {
						"north": { "texture": "#baldcypress", "uv": [ 4.0, 2.0, 6.0, 11.0 ], "autoUv": false },
						"east": { "texture": "#baldcypress", "uv": [ 12.5, 1.5, 13.5, 10.5 ], "autoUv": false },
						"south": { "texture": "#baldcypress", "uv": [ 3.0, 0.5, 5.0, 9.5 ], "autoUv": false },
						"west": { "texture": "#baldcypress", "uv": [ 9.0, 3.0, 10.0, 12.0 ], "autoUv": false },
						"up": { "texture": "#baldcypress", "uv": [ 4.5, 0.5, 6.5, 1.5 ], "autoUv": false }
					}
				},
				{
					"name": "LouverS20",
					"from": [ 12.75, 6.0, 1.5 ],
					"to": [ 15.75, 17.0, 2.5 ],
					"rotationOrigin": [ 12.75, 6.0, 1.5 ],
					"rotationX": -45.0,
					"rotationZ": 90.0,
					"faces": {
						"north": { "texture": "#baldcypress", "uv": [ 4.0, 2.0, 6.0, 11.0 ], "autoUv": false },
						"east": { "texture": "#baldcypress", "uv": [ 12.5, 1.5, 13.5, 10.5 ], "autoUv": false },
						"south": { "texture": "#baldcypress", "uv": [ 3.0, 0.5, 5.0, 9.5 ], "autoUv": false },
						"west": { "texture": "#baldcypress", "uv": [ 9.0, 3.0, 10.0, 12.0 ], "autoUv": false },
						"up": { "texture": "#baldcypress", "uv": [ 4.5, 0.5, 6.5, 1.5 ], "autoUv": false }
					}
				},
				{
					"name": "LouverS21",
					"from": [ 12.75, 8.0, 1.5 ],
					"to": [ 15.75, 19.0, 2.5 ],
					"rotationOrigin": [ 12.75, 8.0, 1.5 ],
					"rotationX": -45.0,
					"rotationZ": 90.0,
					"faces": {
						"north": { "texture": "#baldcypress", "uv": [ 4.0, 2.0, 6.0, 11.0 ], "autoUv": false },
						"east": { "texture": "#baldcypress", "uv": [ 12.5, 1.5, 13.5, 10.5 ], "autoUv": false },
						"south": { "texture": "#baldcypress", "uv": [ 3.0, 0.5, 5.0, 9.5 ], "autoUv": false },
						"west": { "texture": "#baldcypress", "uv": [ 9.0, 3.0, 10.0, 12.0 ], "autoUv": false },
						"up": { "texture": "#baldcypress", "uv": [ 4.5, 0.5, 6.5, 1.5 ], "autoUv": false }
					}
				},
				{
					"name": "LouverS22",
					"from": [ 12.75, 10.0, 1.5 ],
					"to": [ 15.75, 21.0, 2.5 ],
					"rotationOrigin": [ 12.75, 10.0, 1.5 ],
					"rotationX": -45.0,
					"rotationZ": 90.0,
					"faces": {
						"north": { "texture": "#baldcypress", "uv": [ 4.0, 2.0, 6.0, 11.0 ], "autoUv": false },
						"east": { "texture": "#baldcypress", "uv": [ 12.5, 1.5, 13.5, 10.5 ], "autoUv": false },
						"south": { "texture": "#baldcypress", "uv": [ 3.0, 0.5, 5.0, 9.5 ], "autoUv": false },
						"west": { "texture": "#baldcypress", "uv": [ 9.0, 3.0, 10.0, 12.0 ], "autoUv": false },
						"up": { "texture": "#baldcypress", "uv": [ 4.5, 0.5, 6.5, 1.5 ], "autoUv": false }
					}
				},
				{
					"name": "WallUpperN",
					"from": [ 12.1, 12.0, 1.5 ],
					"to": [ 14.1, 21.6, 2.5 ],
					"rotationOrigin": [ 12.1, 12.0, 1.5 ],
					"rotationZ": 90.0,
					"faces": {
						"north": { "texture": "#baldcypress", "uv": [ 4.0, 2.0, 6.0, 11.0 ], "autoUv": false },
						"east": { "texture": "#baldcypress", "uv": [ 12.5, 1.5, 13.5, 10.5 ], "autoUv": false },
						"south": { "texture": "#baldcypress", "uv": [ 3.0, 0.5, 5.0, 9.5 ], "autoUv": false },
						"west": { "texture": "#baldcypress", "uv": [ 9.0, 3.0, 10.0, 12.0 ], "autoUv": false },
						"up": { "texture": "#baldcypress", "uv": [ 4.5, 0.5, 6.5, 1.5 ], "autoUv": false }
					}
				},
				{
					"name": "WallLowerN",
					"from": [ 12.1, -0.5, 1.5 ],
					"to": [ 14.1, 9.1, 2.5 ],
					"rotationOrigin": [ 12.1, -0.5, 1.5 ],
					"rotationZ": 90.0,
					"faces": {
						"north": { "texture": "#baldcypress", "uv": [ 4.0, 2.0, 6.0, 11.0 ], "autoUv": false },
						"east": { "texture": "#baldcypress", "uv": [ 12.5, 1.5, 13.5, 10.5 ], "autoUv": false },
						"south": { "texture": "#baldcypress", "uv": [ 3.0, 0.5, 5.0, 9.5 ], "autoUv": false },
						"west": { "texture": "#baldcypress", "uv": [ 9.0, 3.0, 10.0, 12.0 ], "autoUv": false },
						"up": { "texture": "#baldcypress", "uv": [ 4.5, 0.5, 6.5, 1.5 ], "autoUv": false }
					}
				}
			]
		},
		{
			"name": "VerticalW",
			"from": [ 3.2, 13.0, 1.05 ],
			"to": [ 5.7, 26.5, 3.55 ],
			"rotationOrigin": [ 3.2, 13.0, 1.05 ],
			"rotationY": -90.0,
			"faces": {
				"north": { "texture": "#baldcypress", "uv": [ 10.5, 3.5, 11.5, 12.5 ], "autoUv": false },
				"east": { "texture": "#baldcypress", "uv": [ 8.0, 0.5, 10.0, 9.5 ], "autoUv": false },
				"south": { "texture": "#baldcypress", "uv": [ 1.5, 5.5, 2.5, 14.5 ], "autoUv": false },
				"west": { "texture": "#baldcypress", "uv": [ 9.0, 2.0, 11.0, 11.0 ], "autoUv": false },
				"up": { "texture": "#baldcypress", "uv": [ 5.0, 8.0, 6.0, 10.0 ], "autoUv": false }
			},
			"children": [
				{
					"name": "LouverS25",
					"from": [ 11.75, 0.0, 1.5 ],
					"to": [ 14.75, 10.0, 2.5 ],
					"rotationOrigin": [ 11.75, 0.0, 1.5 ],
					"rotationX": -45.0,
					"rotationZ": 90.0,
					"faces": {
						"north": { "texture": "#baldcypress", "uv": [ 4.0, 2.0, 6.0, 11.0 ], "autoUv": false },
						"east": { "texture": "#baldcypress", "uv": [ 12.5, 1.5, 13.5, 10.5 ], "autoUv": false },
						"south": { "texture": "#baldcypress", "uv": [ 3.0, 0.5, 5.0, 9.5 ], "autoUv": false },
						"west": { "texture": "#baldcypress", "uv": [ 9.0, 3.0, 10.0, 12.0 ], "autoUv": false },
						"up": { "texture": "#baldcypress", "uv": [ 4.5, 0.5, 6.5, 1.5 ], "autoUv": false }
					}
				},
				{
					"name": "WallUpperW",
					"from": [ 11.4, 11.5, 1.5 ],
					"to": [ 13.4, 20.4, 2.5 ],
					"rotationOrigin": [ 11.4, 11.5, 1.5 ],
					"rotationZ": 90.0,
					"faces": {
						"north": { "texture": "#baldcypress", "uv": [ 4.0, 2.0, 6.0, 11.0 ], "autoUv": false },
						"east": { "texture": "#baldcypress", "uv": [ 12.5, 1.5, 13.5, 10.5 ], "autoUv": false },
						"south": { "texture": "#baldcypress", "uv": [ 3.0, 0.5, 5.0, 9.5 ], "autoUv": false },
						"west": { "texture": "#baldcypress", "uv": [ 9.0, 3.0, 10.0, 12.0 ], "autoUv": false },
						"up": { "texture": "#baldcypress", "uv": [ 4.5, 0.5, 6.5, 1.5 ], "autoUv": false }
					}
				},
				{
					"name": "WallLowerW",
					"from": [ 11.4, -0.5, 1.5 ],
					"to": [ 13.4, 8.4, 2.5 ],
					"rotationOrigin": [ 11.4, -0.5, 1.5 ],
					"rotationZ": 90.0,
					"faces": {
						"north": { "texture": "#baldcypress", "uv": [ 4.0, 2.0, 6.0, 11.0 ], "autoUv": false },
						"east": { "texture": "#baldcypress", "uv": [ 12.5, 1.5, 13.5, 10.5 ], "autoUv": false },
						"south": { "texture": "#baldcypress", "uv": [ 3.0, 0.5, 5.0, 9.5 ], "autoUv": false },
						"west": { "texture": "#baldcypress", "uv": [ 9.0, 3.0, 10.0, 12.0 ], "autoUv": false },
						"up": { "texture": "#baldcypress", "uv": [ 4.5, 0.5, 6.5, 1.5 ], "autoUv": false }
					}
				},
				{
					"name": "LouverS26",
					"from": [ 11.75, 2.0, 1.5 ],
					"to": [ 14.75, 12.0, 2.5 ],
					"rotationOrigin": [ 11.75, 2.0, 1.5 ],
					"rotationX": -45.0,
					"rotationZ": 90.0,
					"faces": {
						"north": { "texture": "#baldcypress", "uv": [ 4.0, 2.0, 6.0, 11.0 ], "autoUv": false },
						"east": { "texture": "#baldcypress", "uv": [ 12.5, 1.5, 13.5, 10.5 ], "autoUv": false },
						"south": { "texture": "#baldcypress", "uv": [ 3.0, 0.5, 5.0, 9.5 ], "autoUv": false },
						"west": { "texture": "#baldcypress", "uv": [ 9.0, 3.0, 10.0, 12.0 ], "autoUv": false },
						"up": { "texture": "#baldcypress", "uv": [ 4.5, 0.5, 6.5, 1.5 ], "autoUv": false }
					}
				},
				{
					"name": "LouverS27",
					"from": [ 11.75, 4.0, 1.5 ],
					"to": [ 14.75, 14.0, 2.5 ],
					"rotationOrigin": [ 11.75, 4.0, 1.5 ],
					"rotationX": -45.0,
					"rotationZ": 90.0,
					"faces": {
						"north": { "texture": "#baldcypress", "uv": [ 4.0, 2.0, 6.0, 11.0 ], "autoUv": false },
						"east": { "texture": "#baldcypress", "uv": [ 12.5, 1.5, 13.5, 10.5 ], "autoUv": false },
						"south": { "texture": "#baldcypress", "uv": [ 3.0, 0.5, 5.0, 9.5 ], "autoUv": false },
						"west": { "texture": "#baldcypress", "uv": [ 9.0, 3.0, 10.0, 12.0 ], "autoUv": false },
						"up": { "texture": "#baldcypress", "uv": [ 4.5, 0.5, 6.5, 1.5 ], "autoUv": false }
					}
				},
				{
					"name": "LouverS28",
					"from": [ 11.75, 6.0, 1.5 ],
					"to": [ 14.75, 16.0, 2.5 ],
					"rotationOrigin": [ 11.75, 6.0, 1.5 ],
					"rotationX": -45.0,
					"rotationZ": 90.0,
					"faces": {
						"north": { "texture": "#baldcypress", "uv": [ 4.0, 2.0, 6.0, 11.0 ], "autoUv": false },
						"east": { "texture": "#baldcypress", "uv": [ 12.5, 1.5, 13.5, 10.5 ], "autoUv": false },
						"south": { "texture": "#baldcypress", "uv": [ 3.0, 0.5, 5.0, 9.5 ], "autoUv": false },
						"west": { "texture": "#baldcypress", "uv": [ 9.0, 3.0, 10.0, 12.0 ], "autoUv": false },
						"up": { "texture": "#baldcypress", "uv": [ 4.5, 0.5, 6.5, 1.5 ], "autoUv": false }
					}
				},
				{
					"name": "LouverS29",
					"from": [ 11.75, 8.0, 1.5 ],
					"to": [ 14.75, 18.0, 2.5 ],
					"rotationOrigin": [ 11.75, 8.0, 1.5 ],
					"rotationX": -45.0,
					"rotationZ": 90.0,
					"faces": {
						"north": { "texture": "#baldcypress", "uv": [ 4.0, 2.0, 6.0, 11.0 ], "autoUv": false },
						"east": { "texture": "#baldcypress", "uv": [ 12.5, 1.5, 13.5, 10.5 ], "autoUv": false },
						"south": { "texture": "#baldcypress", "uv": [ 3.0, 0.5, 5.0, 9.5 ], "autoUv": false },
						"west": { "texture": "#baldcypress", "uv": [ 9.0, 3.0, 10.0, 12.0 ], "autoUv": false },
						"up": { "texture": "#baldcypress", "uv": [ 4.5, 0.5, 6.5, 1.5 ], "autoUv": false }
					}
				},
				{
					"name": "LouverS30",
					"from": [ 11.75, 10.0, 1.5 ],
					"to": [ 14.75, 20.0, 2.5 ],
					"rotationOrigin": [ 11.75, 10.0, 1.5 ],
					"rotationX": -45.0,
					"rotationZ": 90.0,
					"faces": {
						"north": { "texture": "#baldcypress", "uv": [ 4.0, 2.0, 6.0, 11.0 ], "autoUv": false },
						"east": { "texture": "#baldcypress", "uv": [ 12.5, 1.5, 13.5, 10.5 ], "autoUv": false },
						"south": { "texture": "#baldcypress", "uv": [ 3.0, 0.5, 5.0, 9.5 ], "autoUv": false },
						"west": { "texture": "#baldcypress", "uv": [ 9.0, 3.0, 10.0, 12.0 ], "autoUv": false },
						"up": { "texture": "#baldcypress", "uv": [ 4.5, 0.5, 6.5, 1.5 ], "autoUv": false }
					}
				}
			]
		},
		{
			"name": "Bottom",
			"from": [ 0.0, 11.0, 0.0 ],
			"to": [ 16.0, 14.0, 16.0 ],
			"rotationOrigin": [ 0.0, 11.0, 0.0 ],
			"faces": {
				"north": { "texture": "#baldcypress", "uv": [ 3.0, 0.0, 6.0, 16.0 ], "rotation": 90 },
				"east": { "texture": "#baldcypress", "uv": [ 7.5, 0.0, 10.5, 16.0 ], "rotation": 90 },
				"south": { "texture": "#baldcypress", "uv": [ 3.5, 0.0, 6.5, 16.0 ], "rotation": 90 },
				"west": { "texture": "#baldcypress", "uv": [ 2.5, 0.0, 5.5, 16.0 ], "rotation": 90 },
				"up": { "texture": "#baldcypress", "uv": [ 0.0, 0.0, 16.0, 16.0 ], "rotation": 90 },
				"down": { "texture": "#baldcypress", "uv": [ 0.0, 0.0, 16.0, 16.0 ], "rotation": 90 }
			}
		},
		{
			"name": "ThermoBase",
			"from": [ 7.0, 14.0, 6.0 ],
			"to": [ 10.0, 14.5, 8.0 ],
			"rotationOrigin": [ 4.0, 14.0, 6.0 ],
			"faces": {
				"north": { "texture": "#steel", "uv": [ 3.0, 2.5, 6.0, 3.0 ], "windMode": [-1,-1,-1,-1], "windData": [1,1,1,1] },
				"east": { "texture": "#steel", "uv": [ 0.0, 0.5, 2.0, 1.0 ], "autoUv": false },
				"south": { "texture": "#steel", "uv": [ 6.0, 2.5, 9.0, 3.0 ] },
				"west": { "texture": "#steel", "uv": [ 0.0, 0.0, 2.0, 0.5 ], "autoUv": false, "windMode": [-1,-1,-1,-1], "windData": [1,1,1,1] },
				"up": { "texture": "#steel", "uv": [ 3.0, 0.5, 6.0, 2.5 ] },
				"down": { "texture": "#steel", "uv": [ 6.0, 0.5, 9.0, 2.5 ] }
			},
			"children": [
				{
					"name": "Poll",
					"from": [ 2.4, 0.5, 0.9 ],
					"to": [ 2.9, 3.0, 1.4 ],
					"rotationOrigin": [ 2.4, 0.5, 0.9 ],
					"faces": {
						"north": { "texture": "#steel", "uv": [ 0.5, 5.5, 1.0, 8.0 ] },
						"east": { "texture": "#steel", "uv": [ 1.0, 5.5, 1.5, 8.0 ] },
						"south": { "texture": "#steel", "uv": [ 1.5, 5.5, 2.0, 8.0 ] },
						"west": { "texture": "#steel", "uv": [ 2.0, 5.5, 2.5, 8.0 ] },
						"up": { "texture": "#steel", "uv": [ 0.5, 5.0, 1.0, 5.5 ] },
						"down": { "texture": "#steel", "uv": [ 1.0, 5.0, 1.5, 5.5 ] }
					}
				},
				{
					"name": "Chart",
					"from": [ 0.3, 0.5, 0.1 ],
					"to": [ 1.8, 2.5, 1.6 ],
					"rotationOrigin": [ 0.3, 0.5, 0.1 ],
					"faces": {
						"north": { "texture": "#item-paper-blank", "uv": [ 0.5, 5.0, 2.0, 7.0 ] },
						"east": { "texture": "#item-paper-blank", "uv": [ 2.0, 5.0, 3.5, 7.0 ] },
						"south": { "texture": "#item-paper-blank", "uv": [ 3.5, 5.0, 5.0, 7.0 ] },
						"west": { "texture": "#item-paper-blank", "uv": [ 5.0, 5.0, 6.5, 7.0 ] },
						"up": { "texture": "#steel", "uv": [ 0.5, 3.5, 2.0, 5.0 ] },
						"down": { "texture": "#steel", "uv": [ 2.0, 3.5, 3.5, 5.0 ] }
					}
				},
				{
					"name": "Pen",
					"from": [ 1.0, 1.3, 2.0 ],
					"to": [ 2.8, 1.6, 2.3 ],
					"rotationOrigin": [ 1.0, 1.3, 2.0 ],
					"rotationY": 22.5,
					"faces": {
						"north": { "texture": "#steel", "uv": [ 0.0, 0.0, 1.5, 0.5 ] },
						"east": { "texture": "#steel", "uv": [ 0.0, 0.0, 0.5, 0.5 ] },
						"south": { "texture": "#steel", "uv": [ 0.0, 0.0, 1.5, 0.5 ] },
						"west": { "texture": "#steel", "uv": [ 0.0, 0.0, 0.5, 0.5 ] },
						"up": { "texture": "#steel", "uv": [ 0.0, 0.0, 1.5, 0.5 ] },
						"down": { "texture": "#steel", "uv": [ 0.0, 0.0, 1.5, 0.5 ] }
					}
				}
			]
		}
	]}