[
  {
    "op": "replace",
    "path": "/structures/5/requireLandform",
    "value": "cr plains",
    "file": "game:worldgen/storystructures.json",
    "side": "Server",
    "dependsOn": [
      {
        "modid": "landformoverhaul"
      }
    ]
  },
  {
    "op": "replace",
    "path": "/structures/6/requireLandform",
    "value": "cr plains",
    "file": "game:worldgen/storystructures.json",
    "side": "Server",
    "dependsOn": [
      {
        "modid": "landformoverhaul"
      }
    ]
  },
  {
    "op": "replace",
    "path": "/structures/7/requireLandform",
    "value": "cr plains",
    "file": "game:worldgen/storystructures.json",
    "side": "Server",
    "dependsOn": [
      {
        "modid": "landformoverhaul"
      }
    ]
  },
  {
    "op": "replace",
    "path": "/structures/8/requireLandform",
    "value": "cr plains",
    "file": "game:worldgen/storystructures.json",
    "side": "Server",
    "dependsOn": [
      {
        "modid": "landformoverhaul"
      }
    ]
  },
  {
    "op": "replace",
    "path": "/structures/9/requireLandform",
    "value": "cr plains",
    "file": "game:worldgen/storystructures.json",
    "side": "Server",
    "dependsOn": [
      {
        "modid": "landformoverhaul"
      }
    ]
  },
  {
    "op": "replace",
    "path": "/structures/10/requireLandform",
    "value": "cr plains",
    "file": "game:worldgen/storystructures.json",
    "side": "Server",
    "dependsOn": [
      {
        "modid": "landformoverhaul"
      }
    ]
  }
]